report_date,primal_desc,choice_usd_per_kg,select_usd_per_kg
2019-01-02,Primal Plate,3.4039,3.4039
2019-01-03,Primal Plate,3.4313,3.4313
2019-01-04,Primal Plate,3.4216,3.4216
2019-01-07,Primal Plate,3.3343,3.3343
2019-01-08,Primal Plate,3.3484,3.3484
2019-01-09,Primal Plate,3.4335,3.4335
2019-01-10,Primal Plate,3.4196,3.4196
2019-01-11,Primal Plate,3.4416,3.4416
2019-01-14,Primal Plate,3.4505,3.4505
2019-01-15,Primal Plate,3.4544,3.4544
2019-01-16,Primal Plate,3.4542,3.4542
2019-01-17,Primal Plate,3.4544,3.4544
2019-01-18,Primal Plate,3.4379,3.4379
2019-01-21,Primal Plate,3.4432,3.4432
2019-01-22,Primal Plate,3.4851,3.4851
2019-01-23,Primal Plate,3.4727,3.4727
2019-01-24,Primal Plate,3.4427,3.4427
2019-01-25,Primal Plate,3.4551,3.4551
2019-01-28,Primal Plate,3.4666,3.4666
2019-01-29,Primal Plate,3.4696,3.4696
2019-01-30,Primal Plate,3.4959,3.4959
2019-01-31,Primal Plate,3.4813,3.4813
2019-02-01,Primal Plate,3.4683,3.4683
2019-02-04,Primal Plate,3.4877,3.4877
2019-02-05,Primal Plate,3.5217,3.5217
2019-02-06,Primal Plate,3.4974,3.4974
2019-02-07,Primal Plate,3.499,3.499
2019-02-08,Primal Plate,3.4884,3.4884
2019-02-11,Primal Plate,3.5071,3.5071
2019-02-12,Primal Plate,3.5439,3.5439
2019-02-13,Primal Plate,3.5336,3.5336
2019-02-14,Primal Plate,3.5223,3.5223
2019-02-15,Primal Plate,3.517,3.517
2019-02-18,Primal Plate,3.4789,3.4789
2019-02-19,Primal Plate,3.5087,3.5087
2019-02-20,Primal Plate,3.5208,3.5208
2019-02-21,Primal Plate,3.5265,3.5265
2019-02-22,Primal Plate,3.5358,3.5358
2019-02-25,Primal Plate,3.5111,3.5111
2019-02-26,Primal Plate,3.5212,3.5212
2019-02-27,Primal Plate,3.5115,3.5115
2019-02-28,Primal Plate,3.4857,3.4857
2019-03-01,Primal Plate,3.4763,3.4763
2019-03-04,Primal Plate,3.4897,3.4897
2019-03-05,Primal Plate,3.5975,3.5975
2019-03-06,Primal Plate,3.5739,3.5739
2019-03-07,Primal Plate,3.5532,3.5532
2019-03-08,Primal Plate,3.5528,3.5528
2019-03-11,Primal Plate,3.5755,3.5755
2019-03-12,Primal Plate,3.6379,3.6379
2019-03-13,Primal Plate,3.6742,3.6742
2019-03-14,Primal Plate,3.6495,3.6495
2019-03-15,Primal Plate,3.6628,3.6628
2019-03-18,Primal Plate,3.7302,3.7302
2019-03-19,Primal Plate,3.7053,3.7053
2019-03-20,Primal Plate,3.6489,3.6489
2019-03-21,Primal Plate,3.6872,3.6872
2019-03-22,Primal Plate,3.743,3.743
2019-03-25,Primal Plate,3.7767,3.7767
2019-03-26,Primal Plate,3.7723,3.7723
2019-03-27,Primal Plate,3.7518,3.7518
2019-03-28,Primal Plate,3.7205,3.7205
2019-03-29,Primal Plate,3.7218,3.7218
2019-04-01,Primal Plate,3.7077,3.7077
2019-04-02,Primal Plate,3.7097,3.7097
2019-04-03,Primal Plate,3.7814,3.7814
2019-04-04,Primal Plate,3.7712,3.7712
2019-04-05,Primal Plate,3.7827,3.7827
2019-04-08,Primal Plate,3.7754,3.7754
2019-04-09,Primal Plate,3.7988,3.7988
2019-04-10,Primal Plate,3.8003,3.8003
2019-04-11,Primal Plate,3.7829,3.7829
2019-04-12,Primal Plate,3.7966,3.7966
2019-04-15,Primal Plate,3.8118,3.8118
2019-04-16,Primal Plate,3.846,3.846
2019-04-17,Primal Plate,3.8457,3.8457
2019-04-18,Primal Plate,3.8206,3.8206
2019-04-19,Primal Plate,3.808,3.808
2019-04-22,Primal Plate,3.8616,3.8616
2019-04-23,Primal Plate,3.8473,3.8473
2019-04-24,Primal Plate,3.7798,3.7798
2019-04-25,Primal Plate,3.7739,3.7739
2019-04-26,Primal Plate,3.7767,3.7767
2019-04-29,Primal Plate,3.8063,3.8063
2019-04-30,Primal Plate,3.8402,3.8402
2019-05-01,Primal Plate,3.7397,3.7397
2019-05-02,Primal Plate,3.702,3.702
2019-05-03,Primal Plate,3.6879,3.6879
2019-05-06,Primal Plate,3.7393,3.7393
2019-05-07,Primal Plate,3.6167,3.6167
2019-05-08,Primal Plate,3.5706,3.5706
2019-05-09,Primal Plate,3.6209,3.6209
2019-05-10,Primal Plate,3.6293,3.6293
2019-05-13,Primal Plate,3.6722,3.6722
2019-05-14,Primal Plate,3.6938,3.6938
2019-05-15,Primal Plate,3.5711,3.5711
2019-05-16,Primal Plate,3.5234,3.5234
2019-05-17,Primal Plate,3.523,3.523
2019-05-20,Primal Plate,3.5669,3.5669
2019-05-21,Primal Plate,3.5466,3.5466
2019-05-22,Primal Plate,3.5543,3.5543
2019-05-23,Primal Plate,3.5995,3.5995
2019-05-24,Primal Plate,3.6002,3.6002
2019-05-28,Primal Plate,3.6204,3.6204
2019-05-29,Primal Plate,3.5755,3.5755
2019-05-30,Primal Plate,3.6017,3.6017
2019-05-31,Primal Plate,3.68,3.68
2019-06-03,Primal Plate,3.6323,3.6323
2019-06-04,Primal Plate,3.6158,3.6158
2019-06-05,Primal Plate,3.5982,3.5982
2019-06-06,Primal Plate,3.6279,3.6279
2019-06-07,Primal Plate,3.6515,3.6515
2019-06-10,Primal Plate,3.6676,3.6676
2019-06-11,Primal Plate,3.6786,3.6786
2019-06-12,Primal Plate,3.689,3.689
2019-06-13,Primal Plate,3.6716,3.6716
2019-06-14,Primal Plate,3.6736,3.6736
2019-06-17,Primal Plate,3.6813,3.6813
2019-06-18,Primal Plate,3.6476,3.6476
2019-06-19,Primal Plate,3.6381,3.6381
2019-06-20,Primal Plate,3.6407,3.6407
2019-06-21,Primal Plate,3.6705,3.6705
2019-06-24,Primal Plate,3.685,3.685
2019-06-25,Primal Plate,3.6506,3.6506
2019-06-26,Primal Plate,3.6365,3.6365
2019-06-27,Primal Plate,3.6414,3.6414
2019-06-28,Primal Plate,3.6811,3.6811
2019-07-01,Primal Plate,3.6844,3.6844
2019-07-02,Primal Plate,3.7309,3.7309
2019-07-03,Primal Plate,3.6498,3.6498
2019-07-05,Primal Plate,3.6083,3.6083
2019-07-08,Primal Plate,3.6193,3.6193
2019-07-09,Primal Plate,3.6487,3.6487
2019-07-10,Primal Plate,3.5982,3.5982
2019-07-11,Primal Plate,3.596,3.596
2019-07-12,Primal Plate,3.5865,3.5865
2019-07-15,Primal Plate,3.5733,3.5733
2019-07-16,Primal Plate,3.6894,3.6894
2019-07-17,Primal Plate,3.5298,3.5298
2019-07-18,Primal Plate,3.4992,3.4992
2019-07-19,Primal Plate,3.5122,3.5122
2019-07-22,Primal Plate,3.5272,3.5272
2019-07-23,Primal Plate,3.525,3.525
2019-07-24,Primal Plate,3.4943,3.4943
2019-07-25,Primal Plate,3.4758,3.4758
2019-07-26,Primal Plate,3.4661,3.4661
2019-07-29,Primal Plate,3.4782,3.4782
2019-07-30,Primal Plate,3.4939,3.4939
2019-07-31,Primal Plate,3.4388,3.4388
2019-08-01,Primal Plate,3.4172,3.4172
2019-08-02,Primal Plate,3.446,3.446
2019-08-05,Primal Plate,3.4555,3.4555
2019-08-06,Primal Plate,3.4472,3.4472
2019-08-07,Primal Plate,3.4125,3.4125
2019-08-08,Primal Plate,3.4236,3.4236
2019-08-09,Primal Plate,3.3887,3.3887
2019-08-12,Primal Plate,3.4366,3.4366
2019-08-13,Primal Plate,3.5554,3.5554
2019-08-14,Primal Plate,3.5276,3.5276
2019-08-15,Primal Plate,3.5636,3.5636
2019-08-16,Primal Plate,3.6736,3.6736
2019-08-19,Primal Plate,3.7181,3.7181
2019-08-20,Primal Plate,3.754,3.754
2019-08-21,Primal Plate,3.6725,3.6725
2019-08-22,Primal Plate,3.6707,3.6707
2019-08-23,Primal Plate,3.6989,3.6989
2019-08-26,Primal Plate,3.7177,3.7177
2019-08-27,Primal Plate,3.6617,3.6617
2019-08-28,Primal Plate,3.6544,3.6544
2019-08-29,Primal Plate,3.6196,3.6196
2019-08-30,Primal Plate,3.5662,3.5662
2019-09-03,Primal Plate,3.5808,3.5808
2019-09-04,Primal Plate,3.5735,3.5735
2019-09-05,Primal Plate,3.5457,3.5457
2019-09-06,Primal Plate,3.4441,3.4441
2019-09-09,Primal Plate,3.4231,3.4231
2019-09-10,Primal Plate,3.4167,3.4167
2019-09-11,Primal Plate,3.3773,3.3773
2019-09-12,Primal Plate,3.3967,3.3967
2019-09-13,Primal Plate,3.4006,3.4006
2019-09-16,Primal Plate,3.4039,3.4039
2019-09-17,Primal Plate,3.4101,3.4101
2019-09-18,Primal Plate,3.2787,3.2787
2019-09-19,Primal Plate,3.2348,3.2348
2019-09-20,Primal Plate,3.1982,3.1982
2019-09-23,Primal Plate,3.2095,3.2095
2019-09-24,Primal Plate,3.2077,3.2077
2019-09-25,Primal Plate,3.1782,3.1782
2019-09-26,Primal Plate,3.2128,3.2128
2019-09-27,Primal Plate,3.1969,3.1969
2019-09-30,Primal Plate,3.1193,3.1193
2019-10-01,Primal Plate,3.0777,3.0777
2019-10-02,Primal Plate,3.0633,3.0633
2019-10-03,Primal Plate,3.0281,3.0281
2019-10-04,Primal Plate,3.0172,3.0172
2019-10-07,Primal Plate,3.0067,3.0067
2019-10-08,Primal Plate,3.0355,3.0355
2019-10-09,Primal Plate,3.0148,3.0148
2019-10-10,Primal Plate,2.9972,2.9972
2019-10-11,Primal Plate,3.0106,3.0106
2019-10-14,Primal Plate,3.025,3.025
2019-10-15,Primal Plate,3.0865,3.0865
2019-10-16,Primal Plate,3.0633,3.0633
2019-10-17,Primal Plate,3.0607,3.0607
2019-10-18,Primal Plate,3.0852,3.0852
2019-10-21,Primal Plate,3.1176,3.1176
2019-10-22,Primal Plate,3.1892,3.1892
2019-10-23,Primal Plate,3.2302,3.2302
2019-10-24,Primal Plate,3.2223,3.2223
2019-10-25,Primal Plate,3.2128,3.2128
2019-10-28,Primal Plate,3.2388,3.2388
2019-10-29,Primal Plate,3.2668,3.2668
2019-10-30,Primal Plate,3.2849,3.2849
2019-10-31,Primal Plate,3.2977,3.2977
2019-11-01,Primal Plate,3.3175,3.3175
2019-11-04,Primal Plate,3.349,3.349
2019-11-05,Primal Plate,3.3748,3.3748
2019-11-06,Primal Plate,3.3982,3.3982
2019-11-07,Primal Plate,3.3887,3.3887
2019-11-08,Primal Plate,3.4145,3.4145
2019-11-11,Primal Plate,3.4804,3.4804
2019-11-12,Primal Plate,3.4939,3.4939
2019-11-13,Primal Plate,3.4928,3.4928
2019-11-14,Primal Plate,3.5007,3.5007
2019-11-15,Primal Plate,3.5351,3.5351
2019-11-18,Primal Plate,3.493,3.493
2019-11-19,Primal Plate,3.5122,3.5122
2019-11-20,Primal Plate,3.4778,3.4778
2019-11-21,Primal Plate,3.5283,3.5283
2019-11-22,Primal Plate,3.4884,3.4884
2019-11-25,Primal Plate,3.4615,3.4615
2019-11-26,Primal Plate,3.4661,3.4661
2019-11-27,Primal Plate,3.4813,3.4813
2019-11-29,Primal Plate,3.4943,3.4943
2019-12-02,Primal Plate,3.5225,3.5225
2019-12-03,Primal Plate,3.5036,3.5036
2019-12-04,Primal Plate,3.4586,3.4586
2019-12-05,Primal Plate,3.3614,3.3614
2019-12-06,Primal Plate,3.3524,3.3524
2019-12-09,Primal Plate,3.3393,3.3393
2019-12-10,Primal Plate,3.3186,3.3186
2019-12-11,Primal Plate,3.329,3.329
2019-12-12,Primal Plate,3.3169,3.3169
2019-12-13,Primal Plate,3.2844,3.2844
2019-12-16,Primal Plate,3.3043,3.3043
2019-12-17,Primal Plate,3.284,3.284
2019-12-18,Primal Plate,3.2024,3.2024
2019-12-19,Primal Plate,3.1736,3.1736
2019-12-20,Primal Plate,3.1738,3.1738
2019-12-23,Primal Plate,3.2148,3.2148
2019-12-26,Primal Plate,3.204,3.204
2019-12-27,Primal Plate,3.2309,3.2309
2019-12-30,Primal Plate,3.2439,3.2439
2019-12-31,Primal Plate,3.2472,3.2472
2020-01-02,Primal Plate,3.2736,3.2736
2020-01-03,Primal Plate,3.2829,3.2829
2020-01-06,Primal Plate,3.3023,3.3023
2020-01-07,Primal Plate,3.3263,3.3263
2020-01-08,Primal Plate,3.4114,3.4114
2020-01-09,Primal Plate,3.3896,3.3896
2020-01-10,Primal Plate,3.3592,3.3592
2020-01-13,Primal Plate,3.3775,3.3775
2020-01-14,Primal Plate,3.4381,3.4381
2020-01-15,Primal Plate,3.4216,3.4216
2020-01-16,Primal Plate,3.4167,3.4167
2020-01-17,Primal Plate,3.4231,3.4231
2020-01-20,Primal Plate,3.4372,3.4372
2020-01-21,Primal Plate,3.4544,3.4544
2020-01-22,Primal Plate,3.4099,3.4099
2020-01-23,Primal Plate,3.3795,3.3795
2020-01-24,Primal Plate,3.34,3.34
2020-01-27,Primal Plate,3.3548,3.3548
2020-01-28,Primal Plate,3.3755,3.3755
2020-01-29,Primal Plate,3.3451,3.3451
2020-01-30,Primal Plate,3.2862,3.2862
2020-01-31,Primal Plate,3.277,3.277
2020-02-03,Primal Plate,3.3001,3.3001
2020-02-04,Primal Plate,3.3032,3.3032
2020-02-05,Primal Plate,3.2293,3.2293
2020-02-06,Primal Plate,3.1861,3.1861
2020-02-07,Primal Plate,3.137,3.137
2020-02-10,Primal Plate,3.1206,3.1206
2020-02-11,Primal Plate,3.1255,3.1255
2020-02-12,Primal Plate,3.1405,3.1405
2020-02-13,Primal Plate,3.1381,3.1381
2020-02-14,Primal Plate,3.2121,3.2121
2020-02-17,Primal Plate,3.308,3.308
2020-02-18,Primal Plate,3.2953,3.2953
2020-02-19,Primal Plate,3.2121,3.2121
2020-02-20,Primal Plate,3.2018,3.2018
2020-02-21,Primal Plate,3.228,3.228
2020-02-24,Primal Plate,3.2077,3.2077
2020-02-25,Primal Plate,3.2192,3.2192
2020-02-26,Primal Plate,3.243,3.243
2020-02-27,Primal Plate,3.1793,3.1793
2020-02-28,Primal Plate,3.1837,3.1837
2020-03-02,Primal Plate,3.2644,3.2644
2020-03-03,Primal Plate,3.2706,3.2706
2020-03-04,Primal Plate,3.2423,3.2423
2020-03-05,Primal Plate,3.2675,3.2675
2020-03-06,Primal Plate,3.2781,3.2781
2020-03-09,Primal Plate,3.2514,3.2514
2020-03-10,Primal Plate,3.165,3.165
2020-03-11,Primal Plate,3.163,3.163
2020-03-12,Primal Plate,3.185,3.185
2020-03-13,Primal Plate,3.18,3.18
2020-03-16,Primal Plate,3.2761,3.2761
2020-03-17,Primal Plate,3.346,3.346
2020-03-18,Primal Plate,3.3409,3.3409
2020-03-19,Primal Plate,3.312,3.312
2020-03-20,Primal Plate,3.1273,3.1273
2020-03-23,Primal Plate,3.165,3.165
2020-03-24,Primal Plate,3.3299,3.3299
2020-03-25,Primal Plate,2.9105,2.9105
2020-03-26,Primal Plate,2.8731,2.8731
2020-03-27,Primal Plate,2.8318,2.8318
2020-03-30,Primal Plate,2.6949,2.6949
2020-03-31,Primal Plate,2.3041,2.3041
2020-04-01,Primal Plate,2.1819,2.1819
2020-04-02,Primal Plate,2.239,2.239
2020-04-03,Primal Plate,2.1272,2.1272
2020-04-06,Primal Plate,2.0457,2.0457
2020-04-07,Primal Plate,2.0957,2.0957
2020-04-08,Primal Plate,2.2121,2.2121
2020-04-09,Primal Plate,2.1272,2.1272
2020-04-10,Primal Plate,2.1685,2.1685
2020-04-13,Primal Plate,2.2573,2.2573
2020-04-14,Primal Plate,2.3052,2.3052
2020-04-15,Primal Plate,2.4972,2.4972
2020-04-16,Primal Plate,2.6431,2.6431
2020-04-17,Primal Plate,2.6971,2.6971
2020-04-20,Primal Plate,2.8515,2.8515
2020-04-21,Primal Plate,2.9723,2.9723
2020-04-22,Primal Plate,3.1936,3.1936
2020-04-23,Primal Plate,3.4064,3.4064
2020-04-24,Primal Plate,3.8826,3.8826
2020-04-27,Primal Plate,3.9355,3.9355
2020-04-28,Primal Plate,4.3116,4.3116
2020-04-29,Primal Plate,4.682,4.682
2020-04-30,Primal Plate,4.7675,4.7675
2020-05-01,Primal Plate,5.1749,5.1749
2020-05-04,Primal Plate,5.4875,5.4875
2020-05-05,Primal Plate,5.7766,5.7766
2020-05-06,Primal Plate,5.9931,5.9931
2020-05-07,Primal Plate,6.1333,6.1333
2020-05-08,Primal Plate,6.1809,6.1809
2020-05-11,Primal Plate,6.1899,6.1899
2020-05-12,Primal Plate,6.0219,6.0219
2020-05-13,Primal Plate,6.1361,6.1361
2020-05-14,Primal Plate,6.0905,6.0905
2020-05-15,Primal Plate,5.4514,5.4514
2020-05-18,Primal Plate,5.3513,5.3513
2020-05-19,Primal Plate,5.2186,5.2186
2020-05-20,Primal Plate,4.9079,4.9079
2020-05-21,Primal Plate,4.7265,4.7265
2020-05-22,Primal Plate,4.6127,4.6127
2020-05-26,Primal Plate,4.7906,4.7906
2020-05-27,Primal Plate,4.7179,4.7179
2020-05-28,Primal Plate,4.4417,4.4417
2020-05-29,Primal Plate,4.3508,4.3508
2020-06-01,Primal Plate,4.0843,4.0843
2020-06-02,Primal Plate,3.9813,3.9813
2020-06-03,Primal Plate,3.9053,3.9053
2020-06-04,Primal Plate,3.7062,3.7062
2020-06-05,Primal Plate,3.3105,3.3105
2020-06-08,Primal Plate,3.258,3.258
2020-06-09,Primal Plate,3.1257,3.1257
2020-06-10,Primal Plate,3.036,3.036
2020-06-11,Primal Plate,3.0245,3.0245
2020-06-12,Primal Plate,3.0755,3.0755
2020-06-15,Primal Plate,3.0461,3.0461
2020-06-16,Primal Plate,3.0188,3.0188
2020-06-17,Primal Plate,3.0735,3.0735
2020-06-18,Primal Plate,2.9441,2.9441
2020-06-19,Primal Plate,2.909,2.909
2020-06-22,Primal Plate,2.9438,2.9438
2020-06-23,Primal Plate,2.9088,2.9088
2020-06-24,Primal Plate,2.9097,2.9097
2020-06-25,Primal Plate,2.9194,2.9194
2020-06-26,Primal Plate,2.8748,2.8748
2020-06-29,Primal Plate,2.8515,2.8515
2020-06-30,Primal Plate,2.8173,2.8173
2020-07-01,Primal Plate,2.8043,2.8043
2020-07-02,Primal Plate,2.8041,2.8041
2020-07-06,Primal Plate,2.8188,2.8188
2020-07-07,Primal Plate,2.8477,2.8477
2020-07-08,Primal Plate,2.8208,2.8208
2020-07-09,Primal Plate,2.8246,2.8246
2020-07-10,Primal Plate,2.8078,2.8078
2020-07-13,Primal Plate,2.7725,2.7725
2020-07-14,Primal Plate,2.7833,2.7833
2020-07-15,Primal Plate,2.8027,2.8027
2020-07-16,Primal Plate,2.8411,2.8411
2020-07-17,Primal Plate,2.8645,2.8645
2020-07-20,Primal Plate,2.8698,2.8698
2020-07-21,Primal Plate,2.939,2.939
2020-07-22,Primal Plate,2.939,2.939
2020-07-23,Primal Plate,2.9531,2.9531
2020-07-24,Primal Plate,2.9255,2.9255
2020-07-27,Primal Plate,2.9405,2.9405
2020-07-28,Primal Plate,3.0318,3.0318
2020-07-29,Primal Plate,3.0318,3.0318
2020-07-30,Primal Plate,3.0186,3.0186
2020-07-31,Primal Plate,3.0217,3.0217
2020-08-03,Primal Plate,3.0455,3.0455
2020-08-04,Primal Plate,3.0406,3.0406
2020-08-05,Primal Plate,3.053,3.053
2020-08-06,Primal Plate,3.0393,3.0393
2020-08-07,Primal Plate,3.0644,3.0644
2020-08-10,Primal Plate,3.1949,3.1949
2020-08-11,Primal Plate,3.0472,3.0472
2020-08-12,Primal Plate,3.0649,3.0649
2020-08-13,Primal Plate,3.0743,3.0743
2020-08-14,Primal Plate,3.0269,3.0269
2020-08-17,Primal Plate,3.0578,3.0578
2020-08-18,Primal Plate,3.0995,3.0995
2020-08-19,Primal Plate,3.103,3.103
2020-08-20,Primal Plate,3.0543,3.0543
2020-08-21,Primal Plate,3.0624,3.0624
2020-08-24,Primal Plate,3.1052,3.1052
2020-08-25,Primal Plate,3.118,3.118
2020-08-26,Primal Plate,3.1429,3.1429
2020-08-27,Primal Plate,3.1215,3.1215
2020-08-28,Primal Plate,3.1259,3.1259
2020-08-31,Primal Plate,3.155,3.155
2020-09-01,Primal Plate,3.1592,3.1592
2020-09-02,Primal Plate,3.1367,3.1367
2020-09-03,Primal Plate,3.1204,3.1204
2020-09-04,Primal Plate,3.1222,3.1222
2020-09-08,Primal Plate,3.1259,3.1259
2020-09-09,Primal Plate,3.1149,3.1149
2020-09-10,Primal Plate,3.0728,3.0728
2020-09-11,Primal Plate,2.9939,2.9939
2020-09-14,Primal Plate,2.9727,2.9727
2020-09-15,Primal Plate,3.0869,3.0869
2020-09-16,Primal Plate,3.0611,3.0611
2020-09-17,Primal Plate,3.0598,3.0598
2020-09-18,Primal Plate,3.0331,3.0331
2020-09-21,Primal Plate,3.019,3.019
2020-09-22,Primal Plate,3.0926,3.0926
2020-09-23,Primal Plate,3.0814,3.0814
2020-09-24,Primal Plate,3.0849,3.0849
2020-09-25,Primal Plate,3.0741,3.0741
2020-09-28,Primal Plate,3.0622,3.0622
2020-09-29,Primal Plate,3.025,3.025
2020-09-30,Primal Plate,2.9873,2.9873
2020-10-01,Primal Plate,2.9286,2.9286
2020-10-02,Primal Plate,2.9388,2.9388
2020-10-05,Primal Plate,2.9306,2.9306
2020-10-06,Primal Plate,2.8731,2.8731
2020-10-07,Primal Plate,2.9588,2.9588
2020-10-08,Primal Plate,2.9002,2.9002
2020-10-09,Primal Plate,2.8519,2.8519
2020-10-12,Primal Plate,2.8737,2.8737
2020-10-13,Primal Plate,2.8543,2.8543
2020-10-14,Primal Plate,2.8557,2.8557
2020-10-15,Primal Plate,2.8248,2.8248
2020-10-16,Primal Plate,2.7992,2.7992
2020-10-19,Primal Plate,2.8645,2.8645
2020-10-20,Primal Plate,2.937,2.937
2020-10-21,Primal Plate,2.8519,2.8519
2020-10-22,Primal Plate,2.8281,2.8281
2020-10-23,Primal Plate,2.6753,2.6753
2020-10-26,Primal Plate,2.6407,2.6407
2020-10-27,Primal Plate,2.676,2.676
2020-10-28,Primal Plate,2.6517,2.6517
2020-10-29,Primal Plate,2.6727,2.6727
2020-10-30,Primal Plate,2.6394,2.6394
2020-11-02,Primal Plate,2.6502,2.6502
2020-11-03,Primal Plate,2.8109,2.8109
2020-11-04,Primal Plate,2.6927,2.6927
2020-11-05,Primal Plate,2.7159,2.7159
2020-11-06,Primal Plate,2.7251,2.7251
2020-11-09,Primal Plate,2.745,2.745
2020-11-10,Primal Plate,2.8828,2.8828
2020-11-11,Primal Plate,2.8378,2.8378
2020-11-12,Primal Plate,2.7983,2.7983
2020-11-13,Primal Plate,2.7743,2.7743
2020-11-16,Primal Plate,2.7703,2.7703
2020-11-17,Primal Plate,2.8706,2.8706
2020-11-18,Primal Plate,2.8221,2.8221
2020-11-19,Primal Plate,2.8252,2.8252
2020-11-20,Primal Plate,2.7379,2.7379
2020-11-23,Primal Plate,2.7293,2.7293
2020-11-24,Primal Plate,2.8501,2.8501
2020-11-25,Primal Plate,2.8142,2.8142
2020-11-27,Primal Plate,2.8144,2.8144
2020-11-30,Primal Plate,2.9205,2.9205
2020-12-01,Primal Plate,2.9908,2.9908
2020-12-02,Primal Plate,2.9086,2.9086
2020-12-03,Primal Plate,2.8746,2.8746
2020-12-04,Primal Plate,2.8691,2.8691
2020-12-07,Primal Plate,2.8332,2.8332
2020-12-08,Primal Plate,2.7549,2.7549
2020-12-09,Primal Plate,2.6032,2.6032
2020-12-10,Primal Plate,2.5633,2.5633
2020-12-11,Primal Plate,2.5126,2.5126
2020-12-14,Primal Plate,2.4039,2.4039
2020-12-15,Primal Plate,2.3634,2.3634
2020-12-16,Primal Plate,2.3874,2.3874
2020-12-17,Primal Plate,2.4456,2.4456
2020-12-18,Primal Plate,2.5011,2.5011
2020-12-21,Primal Plate,2.4588,2.4588
2020-12-22,Primal Plate,2.4773,2.4773
2020-12-23,Primal Plate,2.5428,2.5428
2020-12-28,Primal Plate,2.4381,2.4381
2020-12-29,Primal Plate,2.3638,2.3638
2020-12-30,Primal Plate,2.4901,2.4901
2020-12-31,Primal Plate,2.4754,2.4754
2021-01-04,Primal Plate,2.45,2.45
2021-01-05,Primal Plate,2.5569,2.5569
2021-01-06,Primal Plate,2.5862,2.5862
2021-01-07,Primal Plate,2.5657,2.5657
2021-01-08,Primal Plate,2.5419,2.5419
2021-01-11,Primal Plate,2.5929,2.5929
2021-01-12,Primal Plate,2.6054,2.6054
2021-01-13,Primal Plate,2.6076,2.6076
2021-01-14,Primal Plate,2.6277,2.6277
2021-01-15,Primal Plate,2.6566,2.6566
2021-01-18,Primal Plate,2.7066,2.7066
2021-01-19,Primal Plate,2.7915,2.7915
2021-01-20,Primal Plate,2.8091,2.8091
2021-01-21,Primal Plate,2.8171,2.8171
2021-01-22,Primal Plate,2.8188,2.8188
2021-01-25,Primal Plate,2.8254,2.8254
2021-01-26,Primal Plate,2.9028,2.9028
2021-01-27,Primal Plate,2.9538,2.9538
2021-01-28,Primal Plate,3.0126,3.0126
2021-01-29,Primal Plate,3.0274,3.0274
2021-02-01,Primal Plate,3.0298,3.0298
2021-02-02,Primal Plate,3.0366,3.0366
2021-02-03,Primal Plate,3.0197,3.0197
2021-02-04,Primal Plate,2.9593,2.9593
2021-02-05,Primal Plate,2.918,2.918
2021-02-08,Primal Plate,2.9467,2.9467
2021-02-09,Primal Plate,2.9632,2.9632
2021-02-10,Primal Plate,2.939,2.939
2021-02-11,Primal Plate,2.9443,2.9443
2021-02-12,Primal Plate,2.9542,2.9542
2021-02-15,Primal Plate,2.9478,2.9478
2021-02-16,Primal Plate,3.0047,3.0047
2021-02-17,Primal Plate,3.1065,3.1065
2021-02-18,Primal Plate,3.0931,3.0931
2021-02-19,Primal Plate,3.0452,3.0452
2021-02-22,Primal Plate,3.0446,3.0446
2021-02-23,Primal Plate,3.0642,3.0642
2021-02-24,Primal Plate,3.0911,3.0911
2021-02-25,Primal Plate,3.135,3.135
2021-02-26,Primal Plate,3.1273,3.1273
2021-03-01,Primal Plate,3.0929,3.0929
2021-03-02,Primal Plate,3.1006,3.1006
2021-03-03,Primal Plate,3.1189,3.1189
2021-03-04,Primal Plate,3.088,3.088
2021-03-05,Primal Plate,3.0794,3.0794
2021-03-08,Primal Plate,3.0464,3.0464
2021-03-09,Primal Plate,3.0677,3.0677
2021-03-10,Primal Plate,3.0973,3.0973
2021-03-11,Primal Plate,3.0732,3.0732
2021-03-12,Primal Plate,3.0713,3.0713
2021-03-15,Primal Plate,3.047,3.047
2021-03-16,Primal Plate,3.075,3.075
2021-03-17,Primal Plate,3.1206,3.1206
2021-03-18,Primal Plate,3.137,3.137
2021-03-19,Primal Plate,3.1698,3.1698
2021-03-22,Primal Plate,3.2108,3.2108
2021-03-23,Primal Plate,3.2673,3.2673
2021-03-24,Primal Plate,3.2882,3.2882
2021-03-25,Primal Plate,3.3517,3.3517
2021-03-26,Primal Plate,3.3942,3.3942
2021-03-29,Primal Plate,3.4575,3.4575
2021-03-30,Primal Plate,3.5453,3.5453
2021-03-31,Primal Plate,3.6182,3.6182
2021-04-01,Primal Plate,3.7124,3.7124
2021-04-02,Primal Plate,3.7666,3.7666
2021-04-05,Primal Plate,3.7955,3.7955
2021-04-06,Primal Plate,3.851,3.851
2021-04-07,Primal Plate,3.9227,3.9227
2021-04-08,Primal Plate,4.0752,4.0752
2021-04-09,Primal Plate,4.1189,4.1189
2021-04-12,Primal Plate,4.0528,4.0528
2021-04-13,Primal Plate,4.0988,4.0988
2021-04-14,Primal Plate,4.1775,4.1775
2021-04-15,Primal Plate,4.21,4.21
2021-04-16,Primal Plate,4.2549,4.2549
2021-04-19,Primal Plate,4.2567,4.2567
2021-04-20,Primal Plate,4.2829,4.2829
2021-04-21,Primal Plate,4.3213,4.3213
2021-04-22,Primal Plate,4.331,4.331
2021-04-23,Primal Plate,4.2981,4.2981
2021-04-26,Primal Plate,4.335,4.335
2021-04-27,Primal Plate,4.3431,4.3431
2021-04-28,Primal Plate,4.3663,4.3663
2021-04-29,Primal Plate,4.3799,4.3799
2021-04-30,Primal Plate,4.4436,4.4436
2021-05-03,Primal Plate,4.4703,4.4703
2021-05-04,Primal Plate,4.4928,4.4928
2021-05-05,Primal Plate,4.5393,4.5393
2021-05-06,Primal Plate,4.5742,4.5742
2021-05-07,Primal Plate,4.5865,4.5865
2021-05-10,Primal Plate,4.6273,4.6273
2021-05-11,Primal Plate,4.6529,4.6529
2021-05-12,Primal Plate,4.6491,4.6491
2021-05-13,Primal Plate,4.6952,4.6952
2021-05-14,Primal Plate,4.7283,4.7283
2021-05-17,Primal Plate,4.7261,4.7261
2021-05-18,Primal Plate,4.8974,4.8974
2021-05-19,Primal Plate,4.8592,4.8592
2021-05-20,Primal Plate,4.7984,4.7984
2021-05-21,Primal Plate,4.7977,4.7977
2021-05-24,Primal Plate,4.8879,4.8879
2021-05-25,Primal Plate,4.9454,4.9454
2021-05-26,Primal Plate,4.9633,4.9633
2021-05-27,Primal Plate,4.995,4.995
2021-05-28,Primal Plate,4.9827,4.9827
2021-06-01,Primal Plate,5.1249,5.1249
2021-06-02,Primal Plate,5.3012,5.3012
2021-06-03,Primal Plate,5.3548,5.3548
2021-06-04,Primal Plate,5.3019,5.3019
2021-06-07,Primal Plate,5.3383,5.3383
2021-06-08,Primal Plate,5.3901,5.3901
2021-06-09,Primal Plate,5.3639,5.3639
2021-06-10,Primal Plate,5.3206,5.3206
2021-06-11,Primal Plate,5.3612,5.3612
2021-06-14,Primal Plate,5.3524,5.3524
2021-06-15,Primal Plate,5.3683,5.3683
2021-06-16,Primal Plate,5.4214,5.4214
2021-06-17,Primal Plate,5.4441,5.4441
2021-06-18,Primal Plate,5.3974,5.3974
2021-06-21,Primal Plate,5.4256,5.4256
2021-06-22,Primal Plate,5.4157,5.4157
2021-06-23,Primal Plate,5.4031,5.4031
2021-06-24,Primal Plate,5.4518,5.4518
2021-06-25,Primal Plate,5.4584,5.4584
2021-06-28,Primal Plate,5.4357,5.4357
2021-06-29,Primal Plate,5.3246,5.3246
2021-06-30,Primal Plate,5.3114,5.3114
2021-07-01,Primal Plate,5.3187,5.3187
2021-07-02,Primal Plate,5.3773,5.3773
2021-07-06,Primal Plate,5.3665,5.3665
2021-07-07,Primal Plate,5.3713,5.3713
2021-07-08,Primal Plate,5.3235,5.3235
2021-07-09,Primal Plate,5.3266,5.3266
2021-07-12,Primal Plate,5.3932,5.3932
2021-07-13,Primal Plate,5.396,5.396
2021-07-14,Primal Plate,5.4066,5.4066
2021-07-15,Primal Plate,5.3449,5.3449
2021-07-16,Primal Plate,5.3281,5.3281
2021-07-19,Primal Plate,5.4494,5.4494
2021-07-20,Primal Plate,5.4099,5.4099
2021-07-21,Primal Plate,5.4068,5.4068
2021-07-22,Primal Plate,5.3411,5.3411
2021-07-23,Primal Plate,5.1963,5.1963
2021-07-26,Primal Plate,5.0409,5.0409
2021-07-27,Primal Plate,5.3056,5.3056
2021-07-28,Primal Plate,5.3855,5.3855
2021-07-29,Primal Plate,5.3731,5.3731
2021-07-30,Primal Plate,5.3912,5.3912
2021-08-02,Primal Plate,5.2704,5.2704
2021-08-03,Primal Plate,5.2457,5.2457
2021-08-04,Primal Plate,5.3431,5.3431
2021-08-05,Primal Plate,5.4203,5.4203
2021-08-06,Primal Plate,5.2796,5.2796
2021-08-09,Primal Plate,5.3777,5.3777
2021-08-10,Primal Plate,5.4873,5.4873
2021-08-11,Primal Plate,5.5221,5.5221
2021-08-12,Primal Plate,5.5226,5.5226
2021-08-13,Primal Plate,5.564,5.564
2021-08-16,Primal Plate,5.6884,5.6884
2021-08-17,Primal Plate,5.5698,5.5698
2021-08-18,Primal Plate,5.5916,5.5916
2021-08-19,Primal Plate,5.6734,5.6734
2021-08-20,Primal Plate,5.6379,5.6379
2021-08-23,Primal Plate,5.6196,5.6196
2021-08-24,Primal Plate,5.5821,5.5821
2021-08-25,Primal Plate,5.5325,5.5325
2021-08-26,Primal Plate,5.622,5.622
2021-08-27,Primal Plate,5.6308,5.6308
2021-08-30,Primal Plate,5.5321,5.5321
2021-08-31,Primal Plate,5.5636,5.5636
2021-09-01,Primal Plate,5.5219,5.5219
2021-09-02,Primal Plate,5.5349,5.5349
2021-09-03,Primal Plate,5.4141,5.4141
2021-09-07,Primal Plate,5.3235,5.3235
2021-09-08,Primal Plate,5.4496,5.4496
2021-09-09,Primal Plate,5.3744,5.3744
2021-09-10,Primal Plate,5.2829,5.2829
2021-09-13,Primal Plate,5.2796,5.2796
2021-09-14,Primal Plate,5.2102,5.2102
2021-09-15,Primal Plate,5.126,5.126
2021-09-16,Primal Plate,5.1511,5.1511
2021-09-17,Primal Plate,5.1877,5.1877
2021-09-20,Primal Plate,5.1403,5.1403
2021-09-21,Primal Plate,5.0627,5.0627
2021-09-22,Primal Plate,5.0462,5.0462
2021-09-23,Primal Plate,4.9897,4.9897
2021-09-24,Primal Plate,4.6405,4.6405
2021-09-27,Primal Plate,4.6202,4.6202
2021-09-28,Primal Plate,4.7141,4.7141
2021-09-29,Primal Plate,4.6961,4.6961
2021-09-30,Primal Plate,4.5259,4.5259
2021-10-01,Primal Plate,4.3755,4.3755
2021-10-04,Primal Plate,4.297,4.297
2021-10-05,Primal Plate,4.2754,4.2754
2021-10-06,Primal Plate,4.2942,4.2942
2021-10-07,Primal Plate,4.2798,4.2798
2021-10-08,Primal Plate,4.217,4.217
2021-10-11,Primal Plate,4.3235,4.3235
2021-10-12,Primal Plate,4.2263,4.2263
2021-10-13,Primal Plate,4.1147,4.1147
2021-10-14,Primal Plate,4.1059,4.1059
2021-10-15,Primal Plate,4.0896,4.0896
2021-10-18,Primal Plate,4.0775,4.0775
2021-10-19,Primal Plate,4.0814,4.0814
2021-10-20,Primal Plate,3.9723,3.9723
2021-10-21,Primal Plate,3.976,3.976
2021-10-22,Primal Plate,3.9749,3.9749
2021-10-25,Primal Plate,3.92,3.92
2021-10-26,Primal Plate,3.8865,3.8865
2021-10-27,Primal Plate,3.8788,3.8788
2021-10-28,Primal Plate,3.887,3.887
2021-10-29,Primal Plate,3.8596,3.8596
2021-11-01,Primal Plate,3.9152,3.9152
2021-11-02,Primal Plate,3.9386,3.9386
2021-11-03,Primal Plate,4.0062,4.0062
2021-11-04,Primal Plate,4.0131,4.0131
2021-11-05,Primal Plate,4.0413,4.0413
2021-11-08,Primal Plate,4.0126,4.0126
2021-11-09,Primal Plate,4.0177,4.0177
2021-11-10,Primal Plate,4.0841,4.0841
2021-11-11,Primal Plate,4.0905,4.0905
2021-11-12,Primal Plate,4.0969,4.0969
2021-11-15,Primal Plate,4.0735,4.0735
2021-11-16,Primal Plate,4.0636,4.0636
2021-11-17,Primal Plate,4.0951,4.0951
2021-11-18,Primal Plate,4.0697,4.0697
2021-11-19,Primal Plate,4.0724,4.0724
2021-11-22,Primal Plate,4.0759,4.0759
2021-11-23,Primal Plate,4.064,4.064
2021-11-24,Primal Plate,4.0852,4.0852
2021-11-26,Primal Plate,4.0578,4.0578
2021-11-29,Primal Plate,4.0536,4.0536
2021-11-30,Primal Plate,3.9646,3.9646
2021-12-01,Primal Plate,3.9932,3.9932
2021-12-02,Primal Plate,4.0362,4.0362
2021-12-03,Primal Plate,4.0876,4.0876
2021-12-06,Primal Plate,4.1035,4.1035
2021-12-07,Primal Plate,4.0592,4.0592
2021-12-08,Primal Plate,4.0614,4.0614
2021-12-09,Primal Plate,4.1043,4.1043
2021-12-10,Primal Plate,4.1046,4.1046
2021-12-13,Primal Plate,3.9677,3.9677
2021-12-14,Primal Plate,3.9981,3.9981
2021-12-15,Primal Plate,4.0461,4.0461
2021-12-16,Primal Plate,4.045,4.045
2021-12-17,Primal Plate,4.0706,4.0706
2021-12-20,Primal Plate,4.0433,4.0433
2021-12-21,Primal Plate,3.9225,3.9225
2021-12-22,Primal Plate,3.9595,3.9595
2021-12-23,Primal Plate,3.9278,3.9278
2021-12-27,Primal Plate,3.9207,3.9207
2021-12-28,Primal Plate,4.0411,4.0411
2021-12-29,Primal Plate,4.0453,4.0453
2021-12-30,Primal Plate,4.014,4.014
2022-01-03,Primal Plate,4.0477,4.0477
2022-01-04,Primal Plate,4.0642,4.0642
2022-01-05,Primal Plate,4.1052,4.1052
2022-01-06,Primal Plate,4.1775,4.1775
2022-01-07,Primal Plate,4.2044,4.2044
2022-01-10,Primal Plate,4.1769,4.1769
2022-01-11,Primal Plate,4.1513,4.1513
2022-01-12,Primal Plate,4.3019,4.3019
2022-01-13,Primal Plate,4.3312,4.3312
2022-01-14,Primal Plate,4.363,4.363
2022-01-17,Primal Plate,4.3764,4.3764
2022-01-18,Primal Plate,4.372,4.372
2022-01-19,Primal Plate,4.4317,4.4317
2022-01-20,Primal Plate,4.4183,4.4183
2022-01-21,Primal Plate,4.4185,4.4185
2022-01-24,Primal Plate,4.3982,4.3982
2022-01-25,Primal Plate,4.3153,4.3153
2022-01-26,Primal Plate,4.2995,4.2995
2022-01-27,Primal Plate,4.2313,4.2313
2022-01-28,Primal Plate,4.2338,4.2338
2022-01-31,Primal Plate,4.301,4.301
2022-02-01,Primal Plate,4.2999,4.2999
2022-02-02,Primal Plate,4.3244,4.3244
2022-02-03,Primal Plate,4.3171,4.3171
2022-02-04,Primal Plate,4.3222,4.3222
2022-02-07,Primal Plate,4.3043,4.3043
2022-02-08,Primal Plate,4.288,4.288
2022-02-09,Primal Plate,4.2948,4.2948
2022-02-10,Primal Plate,4.2701,4.2701
2022-02-11,Primal Plate,4.2626,4.2626
2022-02-14,Primal Plate,4.2152,4.2152
2022-02-15,Primal Plate,4.1736,4.1736
2022-02-16,Primal Plate,4.1789,4.1789
2022-02-17,Primal Plate,4.1244,4.1244
2022-02-18,Primal Plate,3.999,3.999
2022-02-21,Primal Plate,3.9877,3.9877
2022-02-22,Primal Plate,3.9756,3.9756
2022-02-23,Primal Plate,3.9414,3.9414
2022-02-24,Primal Plate,4.0003,4.0003
2022-02-25,Primal Plate,3.9961,3.9961
2022-02-28,Primal Plate,3.9447,3.9447
2022-03-01,Primal Plate,3.9661,3.9661
2022-03-02,Primal Plate,4.0188,4.0188
2022-03-03,Primal Plate,3.9284,3.9284
2022-03-04,Primal Plate,3.8925,3.8925
2022-03-07,Primal Plate,4.0111,4.0111
2022-03-08,Primal Plate,4.0021,4.0021
2022-03-09,Primal Plate,3.9822,3.9822
2022-03-10,Primal Plate,3.9981,3.9981
2022-03-11,Primal Plate,4.0274,4.0274
2022-03-14,Primal Plate,4.0179,4.0179
2022-03-15,Primal Plate,4.088,4.088
2022-03-16,Primal Plate,4.1149,4.1149
2022-03-17,Primal Plate,4.1096,4.1096
2022-03-18,Primal Plate,4.1215,4.1215
2022-03-21,Primal Plate,4.1972,4.1972
2022-03-22,Primal Plate,4.2792,4.2792
2022-03-23,Primal Plate,4.3045,4.3045
2022-03-24,Primal Plate,4.299,4.299
2022-03-25,Primal Plate,4.2644,4.2644
2022-03-28,Primal Plate,4.2503,4.2503
2022-03-29,Primal Plate,4.2807,4.2807
2022-03-30,Primal Plate,4.374,4.374
2022-03-31,Primal Plate,4.488,4.488
2022-04-01,Primal Plate,4.5656,4.5656
2022-04-04,Primal Plate,4.5404,4.5404
2022-04-05,Primal Plate,4.5265,4.5265
2022-04-06,Primal Plate,4.5378,4.5378
2022-04-07,Primal Plate,4.6099,4.6099
2022-04-08,Primal Plate,4.5223,4.5223
2022-04-11,Primal Plate,4.499,4.499
2022-04-12,Primal Plate,4.5525,4.5525
2022-04-13,Primal Plate,4.5307,4.5307
2022-04-14,Primal Plate,4.5501,4.5501
2022-04-15,Primal Plate,4.5085,4.5085
2022-04-18,Primal Plate,4.534,4.534
2022-04-19,Primal Plate,4.5188,4.5188
2022-04-20,Primal Plate,4.5442,4.5442
2022-04-21,Primal Plate,4.5142,4.5142
2022-04-22,Primal Plate,4.5323,4.5323
2022-04-25,Primal Plate,4.6152,4.6152
2022-04-26,Primal Plate,4.6026,4.6026
2022-04-27,Primal Plate,4.4461,4.4461
2022-04-28,Primal Plate,4.4066,4.4066
2022-04-29,Primal Plate,4.4011,4.4011
2022-05-02,Primal Plate,4.3409,4.3409
2022-05-03,Primal Plate,4.3308,4.3308
2022-05-04,Primal Plate,4.3766,4.3766
2022-05-05,Primal Plate,4.2216,4.2216
2022-05-06,Primal Plate,4.2726,4.2726
2022-05-09,Primal Plate,4.2829,4.2829
2022-05-10,Primal Plate,4.2955,4.2955
2022-05-11,Primal Plate,4.3863,4.3863
2022-05-12,Primal Plate,4.3916,4.3916
2022-05-13,Primal Plate,4.4403,4.4403
2022-05-16,Primal Plate,4.4099,4.4099
2022-05-17,Primal Plate,4.3559,4.3559
2022-05-18,Primal Plate,4.2717,4.2717
2022-05-19,Primal Plate,4.2809,4.2809
2022-05-20,Primal Plate,4.2807,4.2807
2022-05-23,Primal Plate,4.4137,4.4137
2022-05-24,Primal Plate,4.4379,4.4379
2022-05-25,Primal Plate,4.3204,4.3204
2022-05-26,Primal Plate,4.292,4.292
2022-05-27,Primal Plate,4.4663,4.4663
2022-05-31,Primal Plate,4.4029,4.4029
2022-06-01,Primal Plate,4.3638,4.3638
2022-06-02,Primal Plate,4.258,4.258
2022-06-03,Primal Plate,4.269,4.269
2022-06-06,Primal Plate,4.4174,4.4174
2022-06-07,Primal Plate,4.3916,4.3916
2022-06-08,Primal Plate,4.4075,4.4075
2022-06-09,Primal Plate,4.4527,4.4527
2022-06-10,Primal Plate,4.5177,4.5177
2022-06-13,Primal Plate,4.34,4.34
2022-06-14,Primal Plate,4.3945,4.3945
2022-06-15,Primal Plate,4.4783,4.4783
2022-06-16,Primal Plate,4.3347,4.3347
2022-06-17,Primal Plate,4.2834,4.2834
2022-06-20,Primal Plate,4.3402,4.3402
2022-06-21,Primal Plate,4.445,4.445
2022-06-22,Primal Plate,4.3614,4.3614
2022-06-23,Primal Plate,4.2712,4.2712
2022-06-24,Primal Plate,4.2809,4.2809
2022-06-27,Primal Plate,4.3424,4.3424
2022-06-28,Primal Plate,4.3698,4.3698
2022-06-29,Primal Plate,4.2518,4.2518
2022-06-30,Primal Plate,4.191,4.191
2022-07-01,Primal Plate,4.3367,4.3367
2022-07-05,Primal Plate,4.2948,4.2948
2022-07-06,Primal Plate,4.3045,4.3045
2022-07-07,Primal Plate,4.2457,4.2457
2022-07-08,Primal Plate,4.1676,4.1676
2022-07-11,Primal Plate,4.1573,4.1573
2022-07-12,Primal Plate,4.0362,4.0362
2022-07-13,Primal Plate,4.1017,4.1017
2022-07-14,Primal Plate,4.1253,4.1253
2022-07-15,Primal Plate,4.0883,4.0883
2022-07-18,Primal Plate,4.1908,4.1908
2022-07-19,Primal Plate,4.2349,4.2349
2022-07-20,Primal Plate,4.159,4.159
2022-07-21,Primal Plate,4.1174,4.1174
2022-07-22,Primal Plate,4.234,4.234
2022-07-25,Primal Plate,4.1564,4.1564
2022-07-26,Primal Plate,4.0929,4.0929
2022-07-27,Primal Plate,4.1055,4.1055
2022-07-28,Primal Plate,4.1242,4.1242
2022-07-29,Primal Plate,4.0655,4.0655
2022-08-01,Primal Plate,4.066,4.066
2022-08-02,Primal Plate,3.9454,3.9454
2022-08-03,Primal Plate,3.8901,3.8901
2022-08-04,Primal Plate,3.9434,3.9434
2022-08-05,Primal Plate,3.9465,3.9465
2022-08-08,Primal Plate,4.0082,4.0082
2022-08-09,Primal Plate,3.7805,3.7805
2022-08-10,Primal Plate,3.7289,3.7289
2022-08-11,Primal Plate,3.7759,3.7759
2022-08-12,Primal Plate,3.9004,3.9004
2022-08-15,Primal Plate,3.8733,3.8733
2022-08-16,Primal Plate,3.8259,3.8259
2022-08-17,Primal Plate,3.8581,3.8581
2022-08-18,Primal Plate,3.8477,3.8477
2022-08-19,Primal Plate,3.8255,3.8255
2022-08-22,Primal Plate,3.8343,3.8343
2022-08-23,Primal Plate,3.896,3.896
2022-08-24,Primal Plate,3.9782,3.9782
2022-08-25,Primal Plate,3.8444,3.8444
2022-08-26,Primal Plate,3.8378,3.8378
2022-08-29,Primal Plate,3.9361,3.9361
2022-08-30,Primal Plate,3.9496,3.9496
2022-08-31,Primal Plate,3.9529,3.9529
2022-09-01,Primal Plate,3.9511,3.9511
2022-09-02,Primal Plate,4.04,4.04
2022-09-06,Primal Plate,4.036,4.036
2022-09-07,Primal Plate,3.9714,3.9714
2022-09-08,Primal Plate,3.8166,3.8166
2022-09-09,Primal Plate,3.795,3.795
2022-09-12,Primal Plate,3.9156,3.9156
2022-09-13,Primal Plate,3.8804,3.8804
2022-09-14,Primal Plate,3.7653,3.7653
2022-09-15,Primal Plate,3.7483,3.7483
2022-09-16,Primal Plate,3.7719,3.7719
2022-09-19,Primal Plate,3.7882,3.7882
2022-09-20,Primal Plate,3.8219,3.8219
2022-09-21,Primal Plate,3.7011,3.7011
2022-09-22,Primal Plate,3.618,3.618
2022-09-23,Primal Plate,3.59,3.59
2022-09-26,Primal Plate,3.6658,3.6658
2022-09-27,Primal Plate,3.7728,3.7728
2022-09-28,Primal Plate,3.6138,3.6138
2022-09-29,Primal Plate,3.4703,3.4703
2022-09-30,Primal Plate,3.4143,3.4143
2022-10-03,Primal Plate,3.4957,3.4957
2022-10-04,Primal Plate,3.4322,3.4322
2022-10-05,Primal Plate,3.4114,3.4114
2022-10-06,Primal Plate,3.4031,3.4031
2022-10-07,Primal Plate,3.4072,3.4072
2022-10-10,Primal Plate,3.3499,3.3499
2022-10-11,Primal Plate,3.2957,3.2957
2022-10-12,Primal Plate,3.2741,3.2741
2022-10-13,Primal Plate,3.2964,3.2964
2022-10-14,Primal Plate,3.4513,3.4513
2022-10-17,Primal Plate,3.2825,3.2825
2022-10-18,Primal Plate,3.2712,3.2712
2022-10-19,Primal Plate,3.3334,3.3334
2022-10-20,Primal Plate,3.286,3.286
2022-10-21,Primal Plate,3.224,3.224
2022-10-24,Primal Plate,3.4136,3.4136
2022-10-25,Primal Plate,3.2814,3.2814
2022-10-26,Primal Plate,3.2944,3.2944
2022-10-27,Primal Plate,3.3246,3.3246
2022-10-28,Primal Plate,3.4335,3.4335
2022-10-31,Primal Plate,3.4117,3.4117
2022-11-01,Primal Plate,3.2468,3.2468
2022-11-02,Primal Plate,3.3517,3.3517
2022-11-03,Primal Plate,3.3305,3.3305
2022-11-04,Primal Plate,3.4101,3.4101
2022-11-07,Primal Plate,3.4368,3.4368
2022-11-08,Primal Plate,3.3878,3.3878
2022-11-09,Primal Plate,3.3861,3.3861
2022-11-10,Primal Plate,3.4355,3.4355
2022-11-11,Primal Plate,3.4106,3.4106
2022-11-14,Primal Plate,3.2734,3.2734
2022-11-15,Primal Plate,3.2423,3.2423
2022-11-16,Primal Plate,3.3341,3.3341
2022-11-17,Primal Plate,3.3742,3.3742
2022-11-18,Primal Plate,3.1881,3.1881
2022-11-21,Primal Plate,3.1727,3.1727
2022-11-22,Primal Plate,3.2148,3.2148
2022-11-23,Primal Plate,3.2057,3.2057
2022-11-25,Primal Plate,3.1934,3.1934
2022-11-28,Primal Plate,3.1694,3.1694
2022-11-29,Primal Plate,3.2053,3.2053
2022-11-30,Primal Plate,3.1987,3.1987
2022-12-01,Primal Plate,3.2256,3.2256
2022-12-02,Primal Plate,3.2644,3.2644
2022-12-05,Primal Plate,3.15,3.15
2022-12-06,Primal Plate,3.1667,3.1667
2022-12-07,Primal Plate,3.1539,3.1539
2022-12-08,Primal Plate,3.1475,3.1475
2022-12-09,Primal Plate,3.2183,3.2183
2022-12-12,Primal Plate,3.4813,3.4813
2022-12-13,Primal Plate,3.4569,3.4569
2022-12-14,Primal Plate,3.3788,3.3788
2022-12-15,Primal Plate,3.4981,3.4981
2022-12-16,Primal Plate,3.5455,3.5455
2022-12-19,Primal Plate,3.5197,3.5197
2022-12-20,Primal Plate,3.5501,3.5501
2022-12-21,Primal Plate,3.514,3.514
2022-12-22,Primal Plate,3.5047,3.5047
2022-12-23,Primal Plate,3.6143,3.6143
2022-12-27,Primal Plate,3.6555,3.6555
2022-12-28,Primal Plate,3.6506,3.6506
2022-12-29,Primal Plate,3.566,3.566
2022-12-30,Primal Plate,3.5677,3.5677
2023-01-03,Primal Plate,3.7845,3.7845
2023-01-04,Primal Plate,3.7463,3.7463
2023-01-05,Primal Plate,3.7309,3.7309
2023-01-06,Primal Plate,3.7408,3.7408
2023-01-09,Primal Plate,3.8316,3.8316
2023-01-10,Primal Plate,3.8654,3.8654
2023-01-11,Primal Plate,3.8471,3.8471
2023-01-12,Primal Plate,3.8246,3.8246
2023-01-13,Primal Plate,3.8577,3.8577
2023-01-16,Primal Plate,3.889,3.889
2023-01-17,Primal Plate,3.8976,3.8976
2023-01-18,Primal Plate,3.9046,3.9046
2023-01-19,Primal Plate,3.9015,3.9015
2023-01-20,Primal Plate,3.9106,3.9106
2023-01-23,Primal Plate,3.8976,3.8976
2023-01-24,Primal Plate,3.9119,3.9119
2023-01-25,Primal Plate,3.917,3.917
2023-01-26,Primal Plate,3.9152,3.9152
2023-01-27,Primal Plate,3.9467,3.9467
2023-01-30,Primal Plate,3.9648,3.9648
2023-01-31,Primal Plate,3.9152,3.9152
2023-02-01,Primal Plate,3.9661,3.9661
2023-02-02,Primal Plate,3.9553,3.9553
2023-02-03,Primal Plate,3.9705,3.9705
2023-02-06,Primal Plate,3.9789,3.9789
2023-02-07,Primal Plate,3.9782,3.9782
2023-02-08,Primal Plate,3.9959,3.9959
2023-02-09,Primal Plate,4.0413,4.0413
2023-02-10,Primal Plate,4.0647,4.0647
2023-02-13,Primal Plate,4.0565,4.0565
2023-02-14,Primal Plate,4.0733,4.0733
2023-02-15,Primal Plate,4.1244,4.1244
2023-02-16,Primal Plate,4.1612,4.1612
2023-02-17,Primal Plate,4.1579,4.1579
2023-02-20,Primal Plate,4.1535,4.1535
2023-02-21,Primal Plate,4.2093,4.2093
2023-02-22,Primal Plate,4.2406,4.2406
2023-02-23,Primal Plate,4.338,4.338
2023-02-24,Primal Plate,4.391,4.391
2023-02-27,Primal Plate,4.3164,4.3164
2023-02-28,Primal Plate,4.3766,4.3766
2023-03-01,Primal Plate,4.4849,4.4849
2023-03-02,Primal Plate,4.4946,4.4946
2023-03-03,Primal Plate,4.5111,4.5111
2023-03-06,Primal Plate,4.506,4.506
2023-03-07,Primal Plate,4.5541,4.5541
2023-03-08,Primal Plate,4.5966,4.5966
2023-03-09,Primal Plate,4.5925,4.5925
2023-03-10,Primal Plate,4.5887,4.5887
2023-03-13,Primal Plate,4.6681,4.6681
2023-03-14,Primal Plate,4.7479,4.7479
2023-03-15,Primal Plate,4.7053,4.7053
2023-03-16,Primal Plate,4.6945,4.6945
2023-03-17,Primal Plate,4.7525,4.7525
2023-03-20,Primal Plate,4.7898,4.7898
2023-03-21,Primal Plate,4.7757,4.7757
2023-03-22,Primal Plate,4.7642,4.7642
2023-03-23,Primal Plate,4.7904,4.7904
2023-03-24,Primal Plate,4.8768,4.8768
2023-03-27,Primal Plate,4.8879,4.8879
2023-03-28,Primal Plate,4.866,4.866
2023-03-29,Primal Plate,4.9022,4.9022
2023-03-30,Primal Plate,4.8982,4.8982
2023-03-31,Primal Plate,4.9053,4.9053
2023-04-03,Primal Plate,4.9474,4.9474
2023-04-04,Primal Plate,5.0168,5.0168
2023-04-05,Primal Plate,5.0276,5.0276
2023-04-06,Primal Plate,5.068,5.068
2023-04-07,Primal Plate,5.1663,5.1663
2023-04-10,Primal Plate,5.1881,5.1881
2023-04-11,Primal Plate,5.2688,5.2688
2023-04-12,Primal Plate,5.2805,5.2805
2023-04-13,Primal Plate,5.4084,5.4084
2023-04-14,Primal Plate,5.4633,5.4633
2023-04-17,Primal Plate,5.4573,5.4573
2023-04-18,Primal Plate,5.5764,5.5764
2023-04-19,Primal Plate,5.7298,5.7298
2023-04-20,Primal Plate,5.7217,5.7217
2023-04-21,Primal Plate,5.7038,5.7038
2023-04-24,Primal Plate,5.7195,5.7195
2023-04-25,Primal Plate,5.8204,5.8204
2023-04-26,Primal Plate,5.8947,5.8947
2023-04-27,Primal Plate,5.9181,5.9181
2023-04-28,Primal Plate,5.9348,5.9348
2023-05-01,Primal Plate,5.9033,5.9033
2023-05-02,Primal Plate,5.9664,5.9664
2023-05-03,Primal Plate,5.9972,5.9972
2023-05-04,Primal Plate,6.0272,6.0272
2023-05-05,Primal Plate,6.0354,6.0354
2023-05-08,Primal Plate,6.018,6.018
2023-05-09,Primal Plate,6.0067,6.0067
2023-05-10,Primal Plate,5.891,5.891
2023-05-11,Primal Plate,5.939,5.939
2023-05-12,Primal Plate,5.8819,5.8819
2023-05-15,Primal Plate,5.8165,5.8165
2023-05-16,Primal Plate,5.9393,5.9393
2023-05-17,Primal Plate,5.8738,5.8738
2023-05-18,Primal Plate,5.8685,5.8685
2023-05-19,Primal Plate,5.842,5.842
2023-05-22,Primal Plate,5.833,5.833
2023-05-23,Primal Plate,5.7325,5.7325
2023-05-24,Primal Plate,5.6617,5.6617
2023-05-25,Primal Plate,5.6875,5.6875
2023-05-26,Primal Plate,5.6672,5.6672
2023-05-30,Primal Plate,5.7181,5.7181
2023-05-31,Primal Plate,5.7565,5.7565
2023-06-01,Primal Plate,5.7001,5.7001
2023-06-02,Primal Plate,5.6013,5.6013
2023-06-05,Primal Plate,5.6679,5.6679
2023-06-06,Primal Plate,5.8789,5.8789
2023-06-07,Primal Plate,5.9657,5.9657
2023-06-08,Primal Plate,5.988,5.988
2023-06-09,Primal Plate,5.9796,5.9796
2023-06-12,Primal Plate,5.9525,5.9525
2023-06-13,Primal Plate,6.0109,6.0109
2023-06-14,Primal Plate,6.0587,6.0587
2023-06-15,Primal Plate,6.0285,6.0285
2023-06-16,Primal Plate,5.9159,5.9159
2023-06-19,Primal Plate,5.9097,5.9097
2023-06-20,Primal Plate,5.8588,5.8588
2023-06-21,Primal Plate,5.7695,5.7695
2023-06-22,Primal Plate,5.7744,5.7744
2023-06-23,Primal Plate,5.7256,5.7256
2023-06-26,Primal Plate,5.8039,5.8039
2023-06-27,Primal Plate,5.8436,5.8436
2023-06-28,Primal Plate,5.8914,5.8914
2023-06-29,Primal Plate,5.7514,5.7514
2023-06-30,Primal Plate,5.6053,5.6053
2023-07-03,Primal Plate,5.5918,5.5918
2023-07-05,Primal Plate,5.637,5.637
2023-07-06,Primal Plate,5.7691,5.7691
2023-07-07,Primal Plate,5.6546,5.6546
2023-07-10,Primal Plate,5.6231,5.6231
2023-07-11,Primal Plate,5.5352,5.5352
2023-07-12,Primal Plate,5.5263,5.5263
2023-07-13,Primal Plate,5.4655,5.4655
2023-07-14,Primal Plate,5.3244,5.3244
2023-07-17,Primal Plate,5.3259,5.3259
2023-07-18,Primal Plate,5.3151,5.3151
2023-07-19,Primal Plate,5.1646,5.1646
2023-07-20,Primal Plate,5.1046,5.1046
2023-07-21,Primal Plate,5.1108,5.1108
2023-07-24,Primal Plate,5.1926,5.1926
2023-07-25,Primal Plate,5.1817,5.1817
2023-07-26,Primal Plate,5.0731,5.0731
2023-07-27,Primal Plate,5.031,5.031
2023-07-28,Primal Plate,5.0444,5.0444
2023-07-31,Primal Plate,5.038,5.038
2023-08-01,Primal Plate,5.1127,5.1127
2023-08-02,Primal Plate,5.1438,5.1438
2023-08-03,Primal Plate,5.1564,5.1564
2023-08-04,Primal Plate,4.846,4.846
2023-08-07,Primal Plate,4.7073,4.7073
2023-08-08,Primal Plate,4.7309,4.7309
2023-08-09,Primal Plate,4.8643,4.8643
2023-08-10,Primal Plate,4.8369,4.8369
2023-08-11,Primal Plate,4.8098,4.8098
2023-08-14,Primal Plate,4.8372,4.8372
2023-08-15,Primal Plate,4.8039,4.8039
2023-08-16,Primal Plate,4.8506,4.8506
2023-08-17,Primal Plate,4.8261,4.8261
2023-08-18,Primal Plate,4.8065,4.8065
2023-08-21,Primal Plate,4.8107,4.8107
2023-08-22,Primal Plate,4.8958,4.8958
2023-08-23,Primal Plate,4.9099,4.9099
2023-08-24,Primal Plate,4.9086,4.9086
2023-08-25,Primal Plate,4.9494,4.9494
2023-08-28,Primal Plate,4.9615,4.9615
2023-08-29,Primal Plate,4.7086,4.7086
2023-08-30,Primal Plate,4.6471,4.6471
2023-08-31,Primal Plate,4.5645,4.5645
2023-09-01,Primal Plate,4.5724,4.5724
2023-09-05,Primal Plate,4.6074,4.6074
2023-09-06,Primal Plate,4.57,4.57
2023-09-07,Primal Plate,4.5327,4.5327
2023-09-08,Primal Plate,4.607,4.607
2023-09-11,Primal Plate,4.585,4.585
2023-09-12,Primal Plate,4.5949,4.5949
2023-09-13,Primal Plate,4.6198,4.6198
2023-09-14,Primal Plate,4.5642,4.5642
2023-09-15,Primal Plate,4.5016,4.5016
2023-09-18,Primal Plate,4.4677,4.4677
2023-09-19,Primal Plate,4.4403,4.4403
2023-09-20,Primal Plate,4.32,4.32
2023-09-21,Primal Plate,4.3153,4.3153
2023-09-22,Primal Plate,4.4485,4.4485
2023-09-25,Primal Plate,4.4086,4.4086
2023-09-26,Primal Plate,4.3876,4.3876
2023-09-27,Primal Plate,4.3771,4.3771
2023-09-28,Primal Plate,4.3654,4.3654
2023-09-29,Primal Plate,4.314,4.314
2023-10-02,Primal Plate,4.2576,4.2576
2023-10-03,Primal Plate,4.1976,4.1976
2023-10-04,Primal Plate,4.1831,4.1831
2023-10-05,Primal Plate,4.1193,4.1193
2023-10-06,Primal Plate,4.0051,4.0051
2023-10-09,Primal Plate,4.0278,4.0278
2023-10-10,Primal Plate,4.0931,4.0931
2023-10-11,Primal Plate,3.9075,3.9075
2023-10-12,Primal Plate,3.8658,3.8658
2023-10-13,Primal Plate,3.9112,3.9112
2023-10-16,Primal Plate,3.9381,3.9381
2023-10-17,Primal Plate,3.9749,3.9749
2023-10-18,Primal Plate,4.008,4.008
2023-10-19,Primal Plate,4.0012,4.0012
2023-10-20,Primal Plate,4.0574,4.0574
2023-10-23,Primal Plate,4.01,4.01
2023-10-24,Primal Plate,3.8971,3.8971
2023-10-25,Primal Plate,3.8852,3.8852
2023-10-26,Primal Plate,3.9033,3.9033
2023-10-27,Primal Plate,3.8909,3.8909
2023-10-30,Primal Plate,3.9119,3.9119
2023-10-31,Primal Plate,3.8773,3.8773
2023-11-01,Primal Plate,3.8211,3.8211
2023-11-02,Primal Plate,3.8193,3.8193
2023-11-03,Primal Plate,3.7851,3.7851
2023-11-06,Primal Plate,3.5565,3.5565
2023-11-07,Primal Plate,3.5779,3.5779
2023-11-08,Primal Plate,3.7346,3.7346
2023-11-09,Primal Plate,3.6879,3.6879
2023-11-10,Primal Plate,3.8526,3.8526
2023-11-13,Primal Plate,3.7726,3.7726
2023-11-14,Primal Plate,3.7551,3.7551
2023-11-15,Primal Plate,3.7847,3.7847
2023-11-16,Primal Plate,3.7468,3.7468
2023-11-17,Primal Plate,3.7699,3.7699
2023-11-20,Primal Plate,3.8195,3.8195
2023-11-21,Primal Plate,3.6189,3.6189
2023-11-22,Primal Plate,3.6213,3.6213
2023-11-24,Primal Plate,3.693,3.693
2023-11-27,Primal Plate,3.6107,3.6107
2023-11-28,Primal Plate,3.6674,3.6674
2023-11-29,Primal Plate,3.7569,3.7569
2023-11-30,Primal Plate,3.7759,3.7759
2023-12-01,Primal Plate,3.7937,3.7937
2023-12-04,Primal Plate,3.7271,3.7271
2023-12-05,Primal Plate,3.7058,3.7058
2023-12-06,Primal Plate,3.6407,3.6407
2023-12-07,Primal Plate,3.5724,3.5724
2023-12-08,Primal Plate,3.4672,3.4672
2023-12-11,Primal Plate,3.508,3.508
2023-12-12,Primal Plate,3.6425,3.6425
2023-12-13,Primal Plate,3.6645,3.6645
2023-12-14,Primal Plate,3.7307,3.7307
2023-12-15,Primal Plate,3.7994,3.7994
2023-12-18,Primal Plate,3.6908,3.6908
2023-12-19,Primal Plate,3.6755,3.6755
2023-12-20,Primal Plate,3.6537,3.6537
2023-12-21,Primal Plate,3.6826,3.6826
2023-12-22,Primal Plate,3.7351,3.7351
2023-12-26,Primal Plate,3.7285,3.7285
2023-12-27,Primal Plate,3.7545,3.7545
2023-12-28,Primal Plate,3.6976,3.6976
2023-12-29,Primal Plate,3.6914,3.6914
2024-01-02,Primal Plate,3.6566,3.6566
2024-01-03,Primal Plate,3.6802,3.6802
2024-01-04,Primal Plate,3.7532,3.7532
2024-01-05,Primal Plate,3.8409,3.8409
2024-01-08,Primal Plate,3.8131,3.8131
2024-01-09,Primal Plate,3.8773,3.8773
2024-01-10,Primal Plate,4.0241,4.0241
2024-01-11,Primal Plate,3.9868,3.9868
2024-01-12,Primal Plate,3.9983,3.9983
2024-01-15,Primal Plate,4.0594,4.0594
2024-01-16,Primal Plate,4.1515,4.1515
2024-01-17,Primal Plate,4.1529,4.1529
2024-01-18,Primal Plate,4.1035,4.1035
2024-01-19,Primal Plate,4.1279,4.1279
2024-01-22,Primal Plate,4.2842,4.2842
2024-01-23,Primal Plate,4.1145,4.1145
2024-01-24,Primal Plate,4.1641,4.1641
2024-01-25,Primal Plate,4.269,4.269
2024-01-26,Primal Plate,4.2966,4.2966
2024-01-29,Primal Plate,4.2827,4.2827
2024-01-30,Primal Plate,4.226,4.226
2024-01-31,Primal Plate,4.2527,4.2527
2024-02-01,Primal Plate,4.3059,4.3059
2024-02-02,Primal Plate,4.2887,4.2887
2024-02-05,Primal Plate,4.2895,4.2895
2024-02-06,Primal Plate,4.3186,4.3186
2024-02-07,Primal Plate,4.3202,4.3202
2024-02-08,Primal Plate,4.279,4.279
2024-02-09,Primal Plate,4.1129,4.1129
2024-02-12,Primal Plate,4.2302,4.2302
2024-02-13,Primal Plate,4.2183,4.2183
2024-02-14,Primal Plate,4.2728,4.2728
2024-02-15,Primal Plate,4.2704,4.2704
2024-02-16,Primal Plate,4.3191,4.3191
2024-02-19,Primal Plate,4.3861,4.3861
2024-02-20,Primal Plate,4.3383,4.3383
2024-02-21,Primal Plate,4.4218,4.4218
2024-02-22,Primal Plate,4.4181,4.4181
2024-02-23,Primal Plate,4.5426,4.5426
2024-02-26,Primal Plate,4.5279,4.5279
2024-02-27,Primal Plate,4.5693,4.5693
2024-02-28,Primal Plate,4.5731,4.5731
2024-02-29,Primal Plate,4.6315,4.6315
2024-03-01,Primal Plate,4.6906,4.6906
2024-03-04,Primal Plate,4.6491,4.6491
2024-03-05,Primal Plate,4.6793,4.6793
2024-03-06,Primal Plate,4.7477,4.7477
2024-03-07,Primal Plate,4.7534,4.7534
2024-03-08,Primal Plate,4.7959,4.7959
2024-03-11,Primal Plate,4.7942,4.7942
2024-03-12,Primal Plate,4.8557,4.8557
2024-03-13,Primal Plate,4.8544,4.8544
2024-03-14,Primal Plate,4.9004,4.9004
2024-03-15,Primal Plate,4.9774,4.9774
2024-03-18,Primal Plate,5.021,5.021
2024-03-19,Primal Plate,5.0636,5.0636
2024-03-20,Primal Plate,5.1187,5.1187
2024-03-21,Primal Plate,5.1037,5.1037
2024-03-22,Primal Plate,5.066,5.066
2024-03-25,Primal Plate,5.0909,5.0909
2024-03-26,Primal Plate,5.1784,5.1784
2024-03-27,Primal Plate,5.2146,5.2146
2024-03-28,Primal Plate,5.1789,5.1789
2024-03-29,Primal Plate,5.1423,5.1423
2024-04-01,Primal Plate,5.2247,5.2247
2024-04-02,Primal Plate,5.223,5.223
2024-04-03,Primal Plate,5.2137,5.2137
2024-04-04,Primal Plate,5.228,5.228
2024-04-05,Primal Plate,5.1489,5.1489
2024-04-08,Primal Plate,5.1663,5.1663
2024-04-09,Primal Plate,5.2494,5.2494
2024-04-10,Primal Plate,5.1681,5.1681
2024-04-11,Primal Plate,5.0905,5.0905
2024-04-12,Primal Plate,5.1288,5.1288
2024-04-15,Primal Plate,5.0733,5.0733
2024-04-16,Primal Plate,5.0759,5.0759
2024-04-17,Primal Plate,5.094,5.094
2024-04-18,Primal Plate,5.0839,5.0839
2024-04-19,Primal Plate,5.107,5.107
2024-04-22,Primal Plate,5.1341,5.1341
2024-04-23,Primal Plate,5.1119,5.1119
2024-04-24,Primal Plate,5.0418,5.0418
2024-04-25,Primal Plate,5.0585,5.0585
2024-04-26,Primal Plate,5.0162,5.0162
2024-04-29,Primal Plate,4.9375,4.9375
2024-04-30,Primal Plate,4.9101,4.9101
2024-05-01,Primal Plate,4.8927,4.8927
2024-05-02,Primal Plate,4.9251,4.9251
2024-05-03,Primal Plate,4.8899,4.8899
2024-05-06,Primal Plate,4.891,4.891
2024-05-07,Primal Plate,5.0078,5.0078
2024-05-08,Primal Plate,4.8023,4.8023
2024-05-09,Primal Plate,4.7005,4.7005
2024-05-10,Primal Plate,4.68,4.68
2024-05-13,Primal Plate,4.7069,4.7069
2024-05-14,Primal Plate,4.6897,4.6897
2024-05-15,Primal Plate,4.8705,4.8705
2024-05-16,Primal Plate,4.8718,4.8718
2024-05-17,Primal Plate,4.8932,4.8932
2024-05-20,Primal Plate,4.8012,4.8012
2024-05-21,Primal Plate,4.7426,4.7426
2024-05-22,Primal Plate,4.797,4.797
2024-05-23,Primal Plate,4.7227,4.7227
2024-05-24,Primal Plate,4.5922,4.5922
2024-05-28,Primal Plate,4.7188,4.7188
2024-05-29,Primal Plate,4.5631,4.5631
2024-05-30,Primal Plate,4.5572,4.5572
2024-05-31,Primal Plate,4.598,4.598
2024-06-03,Primal Plate,4.6994,4.6994
2024-06-04,Primal Plate,4.532,4.532
2024-06-05,Primal Plate,4.5508,4.5508
2024-06-06,Primal Plate,4.5431,4.5431
2024-06-07,Primal Plate,4.4963,4.4963
2024-06-10,Primal Plate,4.4617,4.4617
2024-06-11,Primal Plate,4.5043,4.5043
2024-06-12,Primal Plate,4.6842,4.6842
2024-06-13,Primal Plate,4.5102,4.5102
2024-06-14,Primal Plate,4.4469,4.4469
2024-06-17,Primal Plate,4.6202,4.6202
2024-06-18,Primal Plate,4.5695,4.5695
2024-06-19,Primal Plate,4.6189,4.6189
2024-06-20,Primal Plate,4.6745,4.6745
2024-06-21,Primal Plate,4.5949,4.5949
2024-06-24,Primal Plate,4.6238,4.6238
2024-06-25,Primal Plate,4.5929,4.5929
2024-06-26,Primal Plate,4.4533,4.4533
2024-06-27,Primal Plate,4.484,4.484
2024-06-28,Primal Plate,4.5691,4.5691
2024-07-01,Primal Plate,4.6266,4.6266
2024-07-02,Primal Plate,4.6306,4.6306
2024-07-03,Primal Plate,4.6502,4.6502
2024-07-05,Primal Plate,4.7604,4.7604
2024-07-08,Primal Plate,4.7999,4.7999
2024-07-09,Primal Plate,4.7375,4.7375
2024-07-10,Primal Plate,4.7159,4.7159
2024-07-11,Primal Plate,4.6952,4.6952
2024-07-12,Primal Plate,4.8425,4.8425
2024-07-15,Primal Plate,4.822,4.822
2024-07-16,Primal Plate,4.8151,4.8151
2024-07-17,Primal Plate,4.9377,4.9377
2024-07-18,Primal Plate,4.9802,4.9802
2024-07-19,Primal Plate,4.6795,4.6795
2024-07-22,Primal Plate,4.6401,4.6401
2024-07-23,Primal Plate,4.6562,4.6562
2024-07-24,Primal Plate,4.7388,4.7388
2024-07-25,Primal Plate,4.764,4.764
2024-07-26,Primal Plate,4.7022,4.7022
2024-07-29,Primal Plate,4.8665,4.8665
2024-07-30,Primal Plate,4.9637,4.9637
2024-07-31,Primal Plate,5.0299,5.0299
2024-08-01,Primal Plate,4.8722,4.8722
2024-08-02,Primal Plate,4.835,4.835
2024-08-05,Primal Plate,5.0213,5.0213
2024-08-06,Primal Plate,5.0678,5.0678
2024-08-07,Primal Plate,4.9919,4.9919
2024-08-08,Primal Plate,4.9423,4.9423
2024-08-09,Primal Plate,4.9481,4.9481
2024-08-12,Primal Plate,5.1623,5.1623
2024-08-13,Primal Plate,5.021,5.021
2024-08-14,Primal Plate,5.0093,5.0093
2024-08-15,Primal Plate,5.0753,5.0753
2024-08-16,Primal Plate,5.1019,5.1019
2024-08-19,Primal Plate,5.1218,5.1218
2024-08-20,Primal Plate,5.0283,5.0283
2024-08-21,Primal Plate,5.0426,5.0426
2024-08-22,Primal Plate,5.0744,5.0744
2024-08-23,Primal Plate,5.0922,5.0922
2024-08-26,Primal Plate,5.0616,5.0616
2024-08-27,Primal Plate,5.0285,5.0285
2024-08-28,Primal Plate,4.8881,4.8881
2024-08-29,Primal Plate,4.8356,4.8356
2024-08-30,Primal Plate,4.8455,4.8455
2024-09-03,Primal Plate,4.9097,4.9097
2024-09-04,Primal Plate,4.9209,4.9209
2024-09-05,Primal Plate,4.7419,4.7419
2024-09-06,Primal Plate,4.7051,4.7051
2024-09-09,Primal Plate,4.7214,4.7214
2024-09-10,Primal Plate,4.6727,4.6727
2024-09-11,Primal Plate,4.7278,4.7278
2024-09-12,Primal Plate,4.771,4.771
2024-09-13,Primal Plate,4.7089,4.7089
2024-09-16,Primal Plate,4.6268,4.6268
2024-09-17,Primal Plate,4.5193,4.5193
2024-09-18,Primal Plate,4.4926,4.4926
2024-09-19,Primal Plate,4.4059,4.4059
2024-09-20,Primal Plate,4.4104,4.4104
2024-09-23,Primal Plate,4.3962,4.3962
2024-09-24,Primal Plate,4.3934,4.3934
2024-09-25,Primal Plate,4.3213,4.3213
2024-09-26,Primal Plate,4.2671,4.2671
2024-09-27,Primal Plate,4.2058,4.2058
2024-09-30,Primal Plate,4.185,4.185
2024-10-01,Primal Plate,4.2882,4.2882
2024-10-02,Primal Plate,4.2375,4.2375
2024-10-03,Primal Plate,4.2208,4.2208
2024-10-04,Primal Plate,4.3427,4.3427
2024-10-07,Primal Plate,4.2571,4.2571
2024-10-08,Primal Plate,4.2212,4.2212
2024-10-09,Primal Plate,4.2124,4.2124
2024-10-10,Primal Plate,4.2494,4.2494
2024-10-11,Primal Plate,4.3094,4.3094
2024-10-14,Primal Plate,4.3469,4.3469
2024-10-15,Primal Plate,4.32,4.32
2024-10-16,Primal Plate,4.1118,4.1118
2024-10-17,Primal Plate,4.1445,4.1445
2024-10-18,Primal Plate,4.2223,4.2223
2024-10-21,Primal Plate,4.2104,4.2104
2024-10-22,Primal Plate,4.1339,4.1339
2024-10-23,Primal Plate,3.9392,3.9392
2024-10-24,Primal Plate,4.0285,4.0285
2024-10-25,Primal Plate,4.1017,4.1017
2024-10-28,Primal Plate,4.1147,4.1147
2024-10-29,Primal Plate,4.0422,4.0422
2024-10-30,Primal Plate,3.9236,3.9236
2024-10-31,Primal Plate,3.8874,3.8874
2024-11-01,Primal Plate,3.9547,3.9547
2024-11-04,Primal Plate,4.0056,4.0056
2024-11-05,Primal Plate,4.0104,4.0104
2024-11-06,Primal Plate,3.935,3.935
2024-11-07,Primal Plate,3.9319,3.9319
2024-11-08,Primal Plate,3.9591,3.9591
2024-11-11,Primal Plate,4.045,4.045
2024-11-12,Primal Plate,4.0702,4.0702
2024-11-13,Primal Plate,4.0492,4.0492
2024-11-14,Primal Plate,3.9807,3.9807
2024-11-15,Primal Plate,3.9445,3.9445
2024-11-18,Primal Plate,3.9816,3.9816
2024-11-19,Primal Plate,3.9696,3.9696
2024-11-20,Primal Plate,3.9143,3.9143
2024-11-21,Primal Plate,3.9864,3.9864
2024-11-22,Primal Plate,3.9496,3.9496
2024-11-25,Primal Plate,3.9463,3.9463
2024-11-26,Primal Plate,4.0307,4.0307
2024-11-27,Primal Plate,4.0872,4.0872
2024-11-29,Primal Plate,4.0629,4.0629
2024-12-02,Primal Plate,3.9293,3.9293
2024-12-03,Primal Plate,3.989,3.989
2024-12-04,Primal Plate,4.032,4.032
2024-12-05,Primal Plate,4.0188,4.0188
2024-12-06,Primal Plate,4.0803,4.0803
2024-12-09,Primal Plate,4.1511,4.1511
2024-12-10,Primal Plate,4.1006,4.1006
2024-12-11,Primal Plate,4.0797,4.0797
2024-12-12,Primal Plate,4.1449,4.1449
2024-12-13,Primal Plate,4.1487,4.1487
2024-12-16,Primal Plate,4.2269,4.2269
2024-12-17,Primal Plate,4.2018,4.2018
2024-12-18,Primal Plate,4.1176,4.1176
2024-12-19,Primal Plate,4.1315,4.1315
2024-12-20,Primal Plate,4.1824,4.1824
2024-12-23,Primal Plate,4.152,4.152
2024-12-26,Primal Plate,4.2585,4.2585
2024-12-27,Primal Plate,4.3178,4.3178
2024-12-30,Primal Plate,4.3358,4.3358
2024-12-31,Primal Plate,4.3246,4.3246
2025-01-02,Primal Plate,4.4201,4.4201
2025-01-03,Primal Plate,4.5107,4.5107
2025-01-06,Primal Plate,4.5146,4.5146
2025-01-07,Primal Plate,4.5982,4.5982
2025-01-08,Primal Plate,4.7172,4.7172
2025-01-09,Primal Plate,4.7649,4.7649
2025-01-10,Primal Plate,4.8153,4.8153
2025-01-13,Primal Plate,4.8636,4.8636
2025-01-14,Primal Plate,4.8874,4.8874
2025-01-15,Primal Plate,4.9527,4.9527
2025-01-16,Primal Plate,4.9198,4.9198
2025-01-17,Primal Plate,4.8859,4.8859
2025-01-20,Primal Plate,4.9291,4.9291
2025-01-21,Primal Plate,4.9304,4.9304
2025-01-22,Primal Plate,4.8879,4.8879
2025-01-23,Primal Plate,4.835,4.835
2025-01-24,Primal Plate,4.8142,4.8142
2025-01-27,Primal Plate,4.8751,4.8751
2025-01-28,Primal Plate,4.9445,4.9445
2025-01-29,Primal Plate,4.9132,4.9132
2025-01-30,Primal Plate,4.7712,4.7712
2025-01-31,Primal Plate,4.8112,4.8112
2025-02-03,Primal Plate,4.9077,4.9077
2025-02-04,Primal Plate,4.8768,4.8768
2025-02-05,Primal Plate,4.6332,4.6332
2025-02-06,Primal Plate,4.6158,4.6158
2025-02-07,Primal Plate,4.6901,4.6901
2025-02-10,Primal Plate,4.7111,4.7111
2025-02-11,Primal Plate,4.8358,4.8358
2025-02-12,Primal Plate,4.7016,4.7016
2025-02-13,Primal Plate,4.7298,4.7298
2025-02-14,Primal Plate,4.6919,4.6919
2025-02-17,Primal Plate,4.7201,4.7201
2025-02-18,Primal Plate,4.8405,4.8405
2025-02-19,Primal Plate,4.8246,4.8246
2025-02-20,Primal Plate,4.7675,4.7675
2025-02-21,Primal Plate,4.71,4.71
2025-02-24,Primal Plate,4.749,4.749
2025-02-25,Primal Plate,4.896,4.896
2025-02-26,Primal Plate,4.8656,4.8656
2025-02-27,Primal Plate,4.784,4.784
2025-02-28,Primal Plate,4.842,4.842
2025-03-03,Primal Plate,4.8718,4.8718
2025-03-04,Primal Plate,4.8301,4.8301
2025-03-05,Primal Plate,4.7986,4.7986
2025-03-06,Primal Plate,4.7843,4.7843
2025-03-07,Primal Plate,4.7724,4.7724
2025-03-10,Primal Plate,4.7968,4.7968
2025-03-11,Primal Plate,4.8817,4.8817
2025-03-12,Primal Plate,4.8458,4.8458
2025-03-13,Primal Plate,4.7541,4.7541
2025-03-14,Primal Plate,4.7671,4.7671
2025-03-17,Primal Plate,4.8195,4.8195
2025-03-18,Primal Plate,4.863,4.863
2025-03-19,Primal Plate,4.9395,4.9395
2025-03-20,Primal Plate,5.0098,5.0098
2025-03-21,Primal Plate,4.8614,4.8614
2025-03-24,Primal Plate,4.8925,4.8925
2025-03-25,Primal Plate,4.9388,4.9388
2025-03-26,Primal Plate,4.9511,4.9511
2025-03-27,Primal Plate,5.0116,5.0116
2025-03-28,Primal Plate,4.9168,4.9168
2025-03-31,Primal Plate,4.945,4.945
2025-04-01,Primal Plate,5.1068,5.1068
2025-04-02,Primal Plate,5.0124,5.0124
2025-04-03,Primal Plate,4.9549,4.9549
2025-04-04,Primal Plate,4.9957,4.9957
2025-04-07,Primal Plate,4.9531,4.9531
2025-04-08,Primal Plate,5.014,5.014
2025-04-09,Primal Plate,5.1015,5.1015
2025-04-10,Primal Plate,5.0133,5.0133
2025-04-11,Primal Plate,4.993,4.993
2025-04-14,Primal Plate,5.0781,5.0781
2025-04-15,Primal Plate,5.0887,5.0887
2025-04-16,Primal Plate,5.0334,5.0334
2025-04-17,Primal Plate,5.0307,5.0307
2025-04-18,Primal Plate,5.0202,5.0202
2025-04-21,Primal Plate,5.0653,5.0653
2025-04-22,Primal Plate,5.0757,5.0757
2025-04-23,Primal Plate,5.0199,5.0199
2025-04-24,Primal Plate,5.04,5.04
2025-04-25,Primal Plate,5.2644,5.2644
2025-04-28,Primal Plate,5.3012,5.3012
2025-04-29,Primal Plate,5.2684,5.2684
2025-04-30,Primal Plate,5.1101,5.1101
2025-05-01,Primal Plate,5.0627,5.0627
2025-05-02,Primal Plate,5.15,5.15
2025-05-05,Primal Plate,5.368,5.368
2025-05-06,Primal Plate,5.3367,5.3367
2025-05-07,Primal Plate,5.2668,5.2668
2025-05-08,Primal Plate,5.1445,5.1445
2025-05-09,Primal Plate,5.1068,5.1068
2025-05-12,Primal Plate,5.2545,5.2545
2025-05-13,Primal Plate,5.3284,5.3284
2025-05-14,Primal Plate,5.3328,5.3328
2025-05-15,Primal Plate,5.3253,5.3253
2025-05-16,Primal Plate,5.2891,5.2891
2025-05-19,Primal Plate,5.2499,5.2499
2025-05-20,Primal Plate,5.3852,5.3852
2025-05-21,Primal Plate,5.5281,5.5281
2025-05-22,Primal Plate,5.5482,5.5482
2025-05-23,Primal Plate,5.5892,5.5892
2025-05-27,Primal Plate,5.6355,5.6355
2025-05-28,Primal Plate,5.6277,5.6277
2025-05-29,Primal Plate,5.5883,5.5883
2025-05-30,Primal Plate,5.5016,5.5016
2025-06-02,Primal Plate,5.5402,5.5402
2025-06-03,Primal Plate,5.6899,5.6899
2025-06-04,Primal Plate,5.7552,5.7552
2025-06-05,Primal Plate,5.7891,5.7891
2025-06-06,Primal Plate,5.5504,5.5504
2025-06-09,Primal Plate,5.6013,5.6013
2025-06-10,Primal Plate,5.8612,5.8612
2025-06-11,Primal Plate,5.8553,5.8553
2025-06-12,Primal Plate,5.764,5.764
2025-06-13,Primal Plate,5.7781,5.7781
2025-06-16,Primal Plate,5.969,5.969
2025-06-17,Primal Plate,6.0202,6.0202
2025-06-18,Primal Plate,6.0962,6.0962
2025-06-19,Primal Plate,6.2686,6.2686
2025-06-20,Primal Plate,6.3293,6.3293
2025-06-23,Primal Plate,6.4567,6.4567
2025-06-24,Primal Plate,6.6117,6.6117
2025-06-25,Primal Plate,6.5674,6.5674
2025-06-26,Primal Plate,6.5308,6.5308
2025-06-27,Primal Plate,6.5685,6.5685
2025-06-30,Primal Plate,6.7001,6.7001
2025-07-01,Primal Plate,6.8756,6.8756
2025-07-02,Primal Plate,6.6785,6.6785
2025-07-03,Primal Plate,6.639,6.639
2025-07-07,Primal Plate,6.7446,6.7446
2025-07-08,Primal Plate,7.0515,7.0515
2025-07-09,Primal Plate,7.0167,7.0167
2025-07-10,Primal Plate,7.0217,7.0217
2025-07-11,Primal Plate,6.9518,6.9518
2025-07-14,Primal Plate,6.9168,6.9168
2025-07-15,Primal Plate,7.0343,7.0343
2025-07-16,Primal Plate,6.811,6.811
2025-07-17,Primal Plate,6.7135,6.7135
2025-07-18,Primal Plate,6.6454,6.6454
2025-07-21,Primal Plate,6.6807,6.6807
2025-07-22,Primal Plate,6.7336,6.7336
2025-07-23,Primal Plate,6.484,6.484
2025-07-24,Primal Plate,6.6615,6.6615
2025-07-25,Primal Plate,6.4047,6.4047
2025-07-28,Primal Plate,6.4479,6.4479
2025-07-29,Primal Plate,6.0742,6.0742
2025-07-30,Primal Plate,5.9448,5.9448
2025-07-31,Primal Plate,5.898,5.898
2025-08-01,Primal Plate,5.7223,5.7223
2025-08-04,Primal Plate,5.7915,5.7915
2025-08-05,Primal Plate,6.0623,6.0623
2025-08-06,Primal Plate,6.0118,6.0118
2025-08-07,Primal Plate,6.1304,6.1304
2025-08-08,Primal Plate,6.0691,6.0691
2025-08-11,Primal Plate,5.9057,5.9057
2025-08-12,Primal Plate,5.8599,5.8599
2025-08-13,Primal Plate,5.9077,5.9077
2025-08-14,Primal Plate,6.0543,6.0543
2025-08-15,Primal Plate,6.0568,6.0568
2025-08-18,Primal Plate,6.0499,6.0499
2025-08-19,Primal Plate,6.018,6.018
2025-08-20,Primal Plate,6.0113,6.0113
2025-08-21,Primal Plate,6.0393,6.0393
2025-08-22,Primal Plate,6.0872,6.0872
2025-08-25,Primal Plate,6.1187,6.1187
2025-08-26,Primal Plate,6.197,6.197
2025-08-27,Primal Plate,5.8971,5.8971
2025-08-28,Primal Plate,5.8405,5.8405
2025-08-29,Primal Plate,5.9867,5.9867
2025-09-02,Primal Plate,5.8989,5.8989
2025-09-03,Primal Plate,5.8897,5.8897
2025-09-04,Primal Plate,5.7783,5.7783
2025-09-05,Primal Plate,5.6416,5.6416
2025-09-08,Primal Plate,5.706,5.706
2025-09-09,Primal Plate,5.8482,5.8482
2025-09-10,Primal Plate,5.6103,5.6103
2025-09-11,Primal Plate,5.6198,5.6198
2025-09-12,Primal Plate,5.8167,5.8167
2025-09-15,Primal Plate,5.7964,5.7964
2025-09-16,Primal Plate,5.6097,5.6097
2025-09-17,Primal Plate,5.6042,5.6042
2025-09-18,Primal Plate,5.3169,5.3169
2025-09-19,Primal Plate,5.2261,5.2261
2025-09-22,Primal Plate,5.3513,5.3513
2025-09-23,Primal Plate,5.4029,5.4029
2025-09-24,Primal Plate,5.2276,5.2276
2025-09-25,Primal Plate,5.1154,5.1154
2025-09-26,Primal Plate,5.1057,5.1057
2025-09-29,Primal Plate,5.0702,5.0702
2025-09-30,Primal Plate,4.9787,4.9787
2025-10-01,Primal Plate,4.8641,4.8641
2025-10-02,Primal Plate,4.7915,4.7915
2025-10-03,Primal Plate,4.8321,4.8321
2025-10-06,Primal Plate,4.919,4.919
2025-10-07,Primal Plate,5.003,5.003
2025-10-08,Primal Plate,4.9716,4.9716
2025-10-09,Primal Plate,4.9267,4.9267
2025-10-10,Primal Plate,4.999,4.999
2025-10-13,Primal Plate,5.0047,5.0047
2025-10-14,Primal Plate,5.0499,5.0499
2025-10-15,Primal Plate,5.0351,5.0351
2025-10-16,Primal Plate,5.0706,5.0706
2025-10-17,Primal Plate,5.0629,5.0629
2025-10-20,Primal Plate,5.0726,5.0726
2025-10-21,Primal Plate,5.087,5.087
2025-10-22,Primal Plate,5.1108,5.1108
2025-10-23,Primal Plate,5.2329,5.2329
2025-10-24,Primal Plate,5.3213,5.3213
2025-10-27,Primal Plate,5.3627,5.3627
2025-10-28,Primal Plate,5.3297,5.3297
2025-10-29,Primal Plate,5.3019,5.3019
2025-10-30,Primal Plate,5.3142,5.3142
2025-10-31,Primal Plate,5.3392,5.3392
2025-11-03,Primal Plate,5.3253,5.3253
2025-11-04,Primal Plate,5.2849,5.2849
2025-11-05,Primal Plate,5.3943,5.3943
2025-11-06,Primal Plate,5.488,5.488
2025-11-07,Primal Plate,5.4981,5.4981
2025-11-10,Primal Plate,5.5171,5.5171
2025-11-11,Primal Plate,5.5484,5.5484
2025-11-12,Primal Plate,5.4776,5.4776
2025-11-13,Primal Plate,5.46,5.46
2025-11-14,Primal Plate,5.4659,5.4659
2025-11-17,Primal Plate,5.495,5.495
2025-11-18,Primal Plate,5.5519,5.5519
2025-11-19,Primal Plate,5.4972,5.4972
2025-11-20,Primal Plate,5.5058,5.5058
2025-11-21,Primal Plate,5.5094,5.5094
2025-11-24,Primal Plate,5.3533,5.3533
2025-11-25,Primal Plate,5.3515,5.3515
2025-11-26,Primal Plate,5.5166,5.5166
2025-11-28,Primal Plate,5.4456,5.4456
2025-12-01,Primal Plate,5.4986,5.4986
2025-12-02,Primal Plate,5.4684,5.4684
2025-12-03,Primal Plate,5.417,5.417
2025-12-04,Primal Plate,5.426,5.426
2025-12-05,Primal Plate,5.2536,5.2536
2025-12-08,Primal Plate,5.2662,5.2662
2025-12-09,Primal Plate,5.4079,5.4079
2025-12-10,Primal Plate,5.3381,5.3381
2025-12-11,Primal Plate,5.2521,5.2521
2025-12-12,Primal Plate,5.2027,5.2027
2025-12-15,Primal Plate,5.2624,5.2624
2025-12-16,Primal Plate,5.26,5.26
2025-12-17,Primal Plate,5.1573,5.1573
2025-12-18,Primal Plate,5.1121,5.1121
2025-12-19,Primal Plate,5.0587,5.0587
2025-12-22,Primal Plate,5.0667,5.0667
2025-12-23,Primal Plate,5.0951,5.0951
2025-12-24,Primal Plate,5.0689,5.0689
2025-12-26,Primal Plate,5.098,5.098
2025-12-29,Primal Plate,5.2519,5.2519
2025-12-30,Primal Plate,5.2316,5.2316
2025-12-31,Primal Plate,5.1802,5.1802
2026-01-02,Primal Plate,5.2203,5.2203
2026-01-05,Primal Plate,5.3513,5.3513
2026-01-06,Primal Plate,5.3259,5.3259
2026-01-07,Primal Plate,5.258,5.258
2026-01-08,Primal Plate,5.2596,5.2596
2026-01-09,Primal Plate,5.2646,5.2646
2026-01-12,Primal Plate,5.387,5.387
2026-01-13,Primal Plate,5.3471,5.3471
2026-01-14,Primal Plate,5.3579,5.3579
2026-01-15,Primal Plate,5.4192,5.4192
2026-01-16,Primal Plate,5.4639,5.4639
2026-01-19,Primal Plate,5.4725,5.4725
2026-01-20,Primal Plate,5.4889,5.4889
2026-01-21,Primal Plate,5.4633,5.4633
2026-01-22,Primal Plate,5.4278,5.4278
2026-01-23,Primal Plate,5.525,5.525
2026-01-26,Primal Plate,5.5367,5.5367
2026-01-27,Primal Plate,5.4977,5.4977
2026-01-28,Primal Plate,5.5585,5.5585
2026-01-29,Primal Plate,5.5515,5.5515
2026-01-30,Primal Plate,5.4635,5.4635
2026-02-02,Primal Plate,5.6119,5.6119
2026-02-03,Primal Plate,5.6324,5.6324
2026-02-04,Primal Plate,5.5711,5.5711
2026-02-05,Primal Plate,5.5532,5.5532
2026-02-06,Primal Plate,5.6546,5.6546
2026-02-09,Primal Plate,5.743,5.743
2026-02-10,Primal Plate,5.6826,5.6826
2026-02-11,Primal Plate,5.6482,5.6482
2026-02-12,Primal Plate,5.6522,5.6522
2026-02-13,Primal Plate,5.6654,5.6654
2026-02-16,Primal Plate,5.6822,5.6822
2026-02-17,Primal Plate,5.723,5.723
2026-02-18,Primal Plate,5.7563,5.7563
2026-02-19,Primal Plate,5.7697,5.7697
2026-02-20,Primal Plate,5.8751,5.8751
2026-02-23,Primal Plate,5.8978,5.8978
2026-02-24,Primal Plate,5.8698,5.8698
2026-02-25,Primal Plate,6.0228,6.0228
2026-02-26,Primal Plate,6.0206,6.0206
2026-02-27,Primal Plate,6.0497,6.0497
2026-03-02,Primal Plate,6.15,6.15
2026-03-03,Primal Plate,6.1954,6.1954
2026-03-04,Primal Plate,6.2347,6.2347
2026-03-05,Primal Plate,6.2603,6.2603
2026-03-06,Primal Plate,6.2905,6.2905
2026-03-09,Primal Plate,6.3233,6.3233
2026-03-10,Primal Plate,6.4406,6.4406
2026-03-11,Primal Plate,6.5914,6.5914
2026-03-12,Primal Plate,6.5755,6.5755
2026-03-13,Primal Plate,6.5709,6.5709
2026-03-16,Primal Plate,6.5857,6.5857
2026-03-17,Primal Plate,6.7428,6.7428
2026-03-18,Primal Plate,6.79,6.79
2026-03-19,Primal Plate,6.7065,6.7065
2026-03-20,Primal Plate,6.7629,6.7629
2026-03-23,Primal Plate,6.7627,6.7627
2026-03-24,Primal Plate,6.7525,6.7525
2026-03-25,Primal Plate,6.8079,6.8079
2026-03-26,Primal Plate,6.7722,6.7722
2026-03-27,Primal Plate,6.6725,6.6725
2026-03-30,Primal Plate,6.7071,6.7071
2026-03-31,Primal Plate,6.7856,6.7856
