week_ending,market_year,commodity_code,commodity_name,country_code,country_name,weekly_exports,outstanding_sales,gross_new_sales,current_my_net_sales,current_my_total_commitment,unit
2019-01-03T00:00:00,2019,1701,"Fresh, Chilled, or Frozen Muscle Cuts of Beef",5700,중국,37,642,412,408,679,1
2019-01-03T00:00:00,2019,1701,"Fresh, Chilled, or Frozen Muscle Cuts of Beef",5800,한국,850,28680,11072,10875,29530,1
2019-01-10T00:00:00,2019,1701,"Fresh, Chilled, or Frozen Muscle Cuts of Beef",5700,중국,0,642,0,0,679,1
2019-01-10T00:00:00,2019,1701,"Fresh, Chilled, or Frozen Muscle Cuts of Beef",5800,한국,0,28680,0,0,29530,1
2019-01-17T00:00:00,2019,1701,"Fresh, Chilled, or Frozen Muscle Cuts of Beef",5700,중국,0,642,0,0,679,1
2019-01-17T00:00:00,2019,1701,"Fresh, Chilled, or Frozen Muscle Cuts of Beef",5800,한국,0,28680,0,0,29530,1
2019-01-24T00:00:00,2019,1701,"Fresh, Chilled, or Frozen Muscle Cuts of Beef",5700,중국,0,642,0,0,679,1
2019-01-24T00:00:00,2019,1701,"Fresh, Chilled, or Frozen Muscle Cuts of Beef",5800,한국,0,28680,0,0,29530,1
2019-01-31T00:00:00,2019,1701,"Fresh, Chilled, or Frozen Muscle Cuts of Beef",5700,중국,0,642,0,0,679,1
2019-01-31T00:00:00,2019,1701,"Fresh, Chilled, or Frozen Muscle Cuts of Beef",5800,한국,0,28680,0,0,29530,1
2019-02-07T00:00:00,2019,1701,"Fresh, Chilled, or Frozen Muscle Cuts of Beef",5700,중국,0,642,0,0,679,1
2019-02-07T00:00:00,2019,1701,"Fresh, Chilled, or Frozen Muscle Cuts of Beef",5800,한국,0,28680,0,0,29530,1
2019-02-14T00:00:00,2019,1701,"Fresh, Chilled, or Frozen Muscle Cuts of Beef",5700,중국,609,707,736,674,1353,1
2019-02-14T00:00:00,2019,1701,"Fresh, Chilled, or Frozen Muscle Cuts of Beef",5800,한국,18415,32366,25760,22101,51631,1
2019-02-21T00:00:00,2019,1701,"Fresh, Chilled, or Frozen Muscle Cuts of Beef",5700,중국,90,1046,432,429,1782,1
2019-02-21T00:00:00,2019,1701,"Fresh, Chilled, or Frozen Muscle Cuts of Beef",5800,한국,4348,34267,6575,6249,57880,1
2019-02-28T00:00:00,2019,1701,"Fresh, Chilled, or Frozen Muscle Cuts of Beef",5700,중국,83,1127,164,164,1946,1
2019-02-28T00:00:00,2019,1701,"Fresh, Chilled, or Frozen Muscle Cuts of Beef",5800,한국,4010,41292,11306,11035,68915,1
2019-03-07T00:00:00,2019,1701,"Fresh, Chilled, or Frozen Muscle Cuts of Beef",5700,중국,72,1076,28,21,1967,1
2019-03-07T00:00:00,2019,1701,"Fresh, Chilled, or Frozen Muscle Cuts of Beef",5800,한국,3739,39247,2061,1694,70609,1
2019-03-14T00:00:00,2019,1701,"Fresh, Chilled, or Frozen Muscle Cuts of Beef",5700,중국,64,1139,130,127,2094,1
2019-03-14T00:00:00,2019,1701,"Fresh, Chilled, or Frozen Muscle Cuts of Beef",5800,한국,4138,39113,4231,4004,74613,1
2019-03-21T00:00:00,2019,1701,"Fresh, Chilled, or Frozen Muscle Cuts of Beef",5700,중국,33,1071,5,-35,2059,1
2019-03-21T00:00:00,2019,1701,"Fresh, Chilled, or Frozen Muscle Cuts of Beef",5800,한국,4263,37012,2662,2162,76775,1
2019-03-28T00:00:00,2019,1701,"Fresh, Chilled, or Frozen Muscle Cuts of Beef",5700,중국,146,1044,123,119,2178,1
2019-03-28T00:00:00,2019,1701,"Fresh, Chilled, or Frozen Muscle Cuts of Beef",5800,한국,4243,41623,9178,8854,85629,1
2019-04-04T00:00:00,2019,1701,"Fresh, Chilled, or Frozen Muscle Cuts of Beef",5700,중국,138,861,3,-45,2133,1
2019-04-04T00:00:00,2019,1701,"Fresh, Chilled, or Frozen Muscle Cuts of Beef",5800,한국,4121,39675,2636,2173,87802,1
2019-04-11T00:00:00,2019,1701,"Fresh, Chilled, or Frozen Muscle Cuts of Beef",5700,중국,0,1029,182,168,2301,1
2019-04-11T00:00:00,2019,1701,"Fresh, Chilled, or Frozen Muscle Cuts of Beef",5800,한국,4902,45691,11244,10918,98720,1
2019-04-18T00:00:00,2019,1701,"Fresh, Chilled, or Frozen Muscle Cuts of Beef",5700,중국,135,996,117,102,2403,1
2019-04-18T00:00:00,2019,1701,"Fresh, Chilled, or Frozen Muscle Cuts of Beef",5800,한국,2831,46283,3574,3423,102143,1
2019-04-25T00:00:00,2019,1701,"Fresh, Chilled, or Frozen Muscle Cuts of Beef",5700,중국,73,992,83,69,2472,1
2019-04-25T00:00:00,2019,1701,"Fresh, Chilled, or Frozen Muscle Cuts of Beef",5800,한국,3172,43794,900,683,102826,1
2019-05-02T00:00:00,2019,1701,"Fresh, Chilled, or Frozen Muscle Cuts of Beef",5700,중국,89,973,94,70,2542,1
2019-05-02T00:00:00,2019,1701,"Fresh, Chilled, or Frozen Muscle Cuts of Beef",5800,한국,8152,47403,12865,11761,114587,1
2019-05-09T00:00:00,2019,1701,"Fresh, Chilled, or Frozen Muscle Cuts of Beef",5700,중국,120,852,15,-1,2541,1
2019-05-09T00:00:00,2019,1701,"Fresh, Chilled, or Frozen Muscle Cuts of Beef",5800,한국,5258,47473,5737,5328,119915,1
2019-05-16T00:00:00,2019,1701,"Fresh, Chilled, or Frozen Muscle Cuts of Beef",5700,중국,190,832,176,170,2711,1
2019-05-16T00:00:00,2019,1701,"Fresh, Chilled, or Frozen Muscle Cuts of Beef",5800,한국,4958,51605,9514,9090,129005,1
2019-05-23T00:00:00,2019,1701,"Fresh, Chilled, or Frozen Muscle Cuts of Beef",5700,중국,0,903,71,71,2782,1
2019-05-23T00:00:00,2019,1701,"Fresh, Chilled, or Frozen Muscle Cuts of Beef",5800,한국,3708,51214,3696,3317,132322,1
2019-05-30T00:00:00,2019,1701,"Fresh, Chilled, or Frozen Muscle Cuts of Beef",5700,중국,106,975,184,178,2960,1
2019-05-30T00:00:00,2019,1701,"Fresh, Chilled, or Frozen Muscle Cuts of Beef",5800,한국,5753,52398,7418,6937,139259,1
2019-06-06T00:00:00,2019,1701,"Fresh, Chilled, or Frozen Muscle Cuts of Beef",5700,중국,113,1082,224,220,3180,1
2019-06-06T00:00:00,2019,1701,"Fresh, Chilled, or Frozen Muscle Cuts of Beef",5800,한국,4593,48409,1149,604,139863,1
2019-06-13T00:00:00,2019,1701,"Fresh, Chilled, or Frozen Muscle Cuts of Beef",5700,중국,171,1223,323,312,3492,1
2019-06-13T00:00:00,2019,1701,"Fresh, Chilled, or Frozen Muscle Cuts of Beef",5800,한국,5322,47263,4660,4176,144039,1
2019-06-20T00:00:00,2019,1701,"Fresh, Chilled, or Frozen Muscle Cuts of Beef",5700,중국,86,1297,190,160,3652,1
2019-06-20T00:00:00,2019,1701,"Fresh, Chilled, or Frozen Muscle Cuts of Beef",5800,한국,4820,45444,4021,3001,147040,1
2019-06-27T00:00:00,2019,1701,"Fresh, Chilled, or Frozen Muscle Cuts of Beef",5700,중국,124,1141,29,-32,3620,1
2019-06-27T00:00:00,2019,1701,"Fresh, Chilled, or Frozen Muscle Cuts of Beef",5800,한국,6386,45216,6934,6158,153198,1
2019-07-04T00:00:00,2019,1701,"Fresh, Chilled, or Frozen Muscle Cuts of Beef",5700,중국,188,992,50,39,3659,1
2019-07-04T00:00:00,2019,1701,"Fresh, Chilled, or Frozen Muscle Cuts of Beef",5800,한국,4590,47248,7147,6622,159820,1
2019-07-11T00:00:00,2019,1701,"Fresh, Chilled, or Frozen Muscle Cuts of Beef",5700,중국,167,1092,273,267,3926,1
2019-07-11T00:00:00,2019,1701,"Fresh, Chilled, or Frozen Muscle Cuts of Beef",5800,한국,4915,45948,4248,3615,163435,1
2019-07-18T00:00:00,2019,1701,"Fresh, Chilled, or Frozen Muscle Cuts of Beef",5700,중국,148,1124,187,180,4106,1
2019-07-18T00:00:00,2019,1701,"Fresh, Chilled, or Frozen Muscle Cuts of Beef",5800,한국,5407,45572,5490,5031,168466,1
2019-07-25T00:00:00,2019,1701,"Fresh, Chilled, or Frozen Muscle Cuts of Beef",5700,중국,198,1022,110,96,4202,1
2019-07-25T00:00:00,2019,1701,"Fresh, Chilled, or Frozen Muscle Cuts of Beef",5800,한국,3753,43195,1887,1376,169842,1
2019-08-01T00:00:00,2019,1701,"Fresh, Chilled, or Frozen Muscle Cuts of Beef",5700,중국,94,1583,660,655,4857,1
2019-08-01T00:00:00,2019,1701,"Fresh, Chilled, or Frozen Muscle Cuts of Beef",5800,한국,5562,39987,2934,2354,172196,1
2019-08-08T00:00:00,2019,1701,"Fresh, Chilled, or Frozen Muscle Cuts of Beef",5700,중국,202,1535,169,154,5011,1
2019-08-08T00:00:00,2019,1701,"Fresh, Chilled, or Frozen Muscle Cuts of Beef",5800,한국,4440,36838,1723,1291,173487,1
2019-08-15T00:00:00,2019,1701,"Fresh, Chilled, or Frozen Muscle Cuts of Beef",5700,중국,192,1546,217,203,5214,1
2019-08-15T00:00:00,2019,1701,"Fresh, Chilled, or Frozen Muscle Cuts of Beef",5800,한국,4053,38209,5813,5424,178911,1
2019-08-22T00:00:00,2019,1701,"Fresh, Chilled, or Frozen Muscle Cuts of Beef",5700,중국,257,1438,196,149,5363,1
2019-08-22T00:00:00,2019,1701,"Fresh, Chilled, or Frozen Muscle Cuts of Beef",5800,한국,2799,37876,2956,2466,181377,1
2019-08-29T00:00:00,2019,1701,"Fresh, Chilled, or Frozen Muscle Cuts of Beef",5700,중국,333,1311,216,206,5569,1
2019-08-29T00:00:00,2019,1701,"Fresh, Chilled, or Frozen Muscle Cuts of Beef",5800,한국,4038,38017,4704,4179,185556,1
2019-09-05T00:00:00,2019,1701,"Fresh, Chilled, or Frozen Muscle Cuts of Beef",5700,중국,273,1093,64,55,5624,1
2019-09-05T00:00:00,2019,1701,"Fresh, Chilled, or Frozen Muscle Cuts of Beef",5800,한국,4570,34419,1431,972,186528,1
2019-09-12T00:00:00,2019,1701,"Fresh, Chilled, or Frozen Muscle Cuts of Beef",5700,중국,514,1055,506,476,6100,1
2019-09-12T00:00:00,2019,1701,"Fresh, Chilled, or Frozen Muscle Cuts of Beef",5800,한국,4328,34059,4346,3968,190496,1
2019-09-19T00:00:00,2019,1701,"Fresh, Chilled, or Frozen Muscle Cuts of Beef",5700,중국,170,1006,150,121,6221,1
2019-09-19T00:00:00,2019,1701,"Fresh, Chilled, or Frozen Muscle Cuts of Beef",5800,한국,4200,35133,5963,5274,195770,1
2019-09-26T00:00:00,2019,1701,"Fresh, Chilled, or Frozen Muscle Cuts of Beef",5700,중국,182,888,71,64,6285,1
2019-09-26T00:00:00,2019,1701,"Fresh, Chilled, or Frozen Muscle Cuts of Beef",5800,한국,4369,34431,4031,3667,199437,1
2019-10-03T00:00:00,2019,1701,"Fresh, Chilled, or Frozen Muscle Cuts of Beef",5700,중국,278,1145,540,535,6820,1
2019-10-03T00:00:00,2019,1701,"Fresh, Chilled, or Frozen Muscle Cuts of Beef",5800,한국,3683,34979,4655,4231,203668,1
2019-10-10T00:00:00,2019,1701,"Fresh, Chilled, or Frozen Muscle Cuts of Beef",5700,중국,221,1431,545,507,7327,1
2019-10-10T00:00:00,2019,1701,"Fresh, Chilled, or Frozen Muscle Cuts of Beef",5800,한국,3800,34876,4308,3697,207365,1
2019-10-17T00:00:00,2019,1701,"Fresh, Chilled, or Frozen Muscle Cuts of Beef",5700,중국,146,1263,21,-22,7305,1
2019-10-17T00:00:00,2019,1701,"Fresh, Chilled, or Frozen Muscle Cuts of Beef",5800,한국,4509,34970,5040,4603,211968,1
2019-10-24T00:00:00,2019,1701,"Fresh, Chilled, or Frozen Muscle Cuts of Beef",5700,중국,131,1424,329,292,7597,1
2019-10-24T00:00:00,2019,1701,"Fresh, Chilled, or Frozen Muscle Cuts of Beef",5800,한국,4082,35131,4903,4243,216211,1
2019-10-31T00:00:00,2019,1701,"Fresh, Chilled, or Frozen Muscle Cuts of Beef",5700,중국,244,1176,119,-4,7593,1
2019-10-31T00:00:00,2019,1701,"Fresh, Chilled, or Frozen Muscle Cuts of Beef",5800,한국,4075,32442,1885,1386,217597,1
2019-11-07T00:00:00,2019,1701,"Fresh, Chilled, or Frozen Muscle Cuts of Beef",5700,중국,388,2219,1455,1431,9024,1
2019-11-07T00:00:00,2019,1701,"Fresh, Chilled, or Frozen Muscle Cuts of Beef",5800,한국,4758,32183,5065,4499,222096,1
2019-11-14T00:00:00,2019,1701,"Fresh, Chilled, or Frozen Muscle Cuts of Beef",5700,중국,1134,1324,260,239,9263,1
2019-11-14T00:00:00,2019,1701,"Fresh, Chilled, or Frozen Muscle Cuts of Beef",5800,한국,6079,28994,3311,2890,224986,1
2019-11-21T00:00:00,2019,1701,"Fresh, Chilled, or Frozen Muscle Cuts of Beef",5700,중국,433,1247,372,356,9619,1
2019-11-21T00:00:00,2019,1701,"Fresh, Chilled, or Frozen Muscle Cuts of Beef",5800,한국,4969,27392,3872,3367,228353,1
2019-11-28T00:00:00,2019,1701,"Fresh, Chilled, or Frozen Muscle Cuts of Beef",5700,중국,197,1021,71,-29,9590,1
2019-11-28T00:00:00,2019,1701,"Fresh, Chilled, or Frozen Muscle Cuts of Beef",5800,한국,3735,20979,4082,-2678,225675,1
2019-12-05T00:00:00,2019,1701,"Fresh, Chilled, or Frozen Muscle Cuts of Beef",5700,중국,307,1059,368,345,9935,1
2019-12-05T00:00:00,2019,1701,"Fresh, Chilled, or Frozen Muscle Cuts of Beef",5800,한국,4961,20478,5029,4460,230135,1
2019-12-12T00:00:00,2019,1701,"Fresh, Chilled, or Frozen Muscle Cuts of Beef",5700,중국,280,853,92,74,10009,1
2019-12-12T00:00:00,2019,1701,"Fresh, Chilled, or Frozen Muscle Cuts of Beef",5800,한국,4557,18454,3179,2533,232668,1
2019-12-19T00:00:00,2019,1701,"Fresh, Chilled, or Frozen Muscle Cuts of Beef",5700,중국,526,418,311,91,10100,1
2019-12-19T00:00:00,2019,1701,"Fresh, Chilled, or Frozen Muscle Cuts of Beef",5800,한국,3821,17732,4443,3099,235767,1
2019-12-26T00:00:00,2019,1701,"Fresh, Chilled, or Frozen Muscle Cuts of Beef",5700,중국,183,341,111,106,10206,1
2019-12-26T00:00:00,2019,1701,"Fresh, Chilled, or Frozen Muscle Cuts of Beef",5800,한국,3231,14325,936,-176,235591,1
2020-01-02T00:00:00,2020,1701,"Fresh, Chilled, or Frozen Muscle Cuts of Beef",5700,중국,0,516,150,141,516,1
2020-01-02T00:00:00,2020,1701,"Fresh, Chilled, or Frozen Muscle Cuts of Beef",5800,한국,1311,31551,13039,12912,32862,1
2020-01-09T00:00:00,2020,1701,"Fresh, Chilled, or Frozen Muscle Cuts of Beef",5700,중국,249,673,417,406,922,1
2020-01-09T00:00:00,2020,1701,"Fresh, Chilled, or Frozen Muscle Cuts of Beef",5800,한국,4211,33407,8318,6067,38929,1
2020-01-16T00:00:00,2020,1701,"Fresh, Chilled, or Frozen Muscle Cuts of Beef",5700,중국,167,656,155,150,1072,1
2020-01-16T00:00:00,2020,1701,"Fresh, Chilled, or Frozen Muscle Cuts of Beef",5800,한국,4795,38287,10078,9675,48604,1
2020-01-23T00:00:00,2020,1701,"Fresh, Chilled, or Frozen Muscle Cuts of Beef",5700,중국,96,767,214,207,1279,1
2020-01-23T00:00:00,2020,1701,"Fresh, Chilled, or Frozen Muscle Cuts of Beef",5800,한국,4303,38521,5078,4537,53141,1
2020-01-30T00:00:00,2020,1701,"Fresh, Chilled, or Frozen Muscle Cuts of Beef",5700,중국,50,717,46,0,1279,1
2020-01-30T00:00:00,2020,1701,"Fresh, Chilled, or Frozen Muscle Cuts of Beef",5800,한국,5757,37520,5220,4756,57897,1
2020-02-06T00:00:00,2020,1701,"Fresh, Chilled, or Frozen Muscle Cuts of Beef",5700,중국,175,756,220,214,1493,1
2020-02-06T00:00:00,2020,1701,"Fresh, Chilled, or Frozen Muscle Cuts of Beef",5800,한국,4689,37115,4697,4284,62181,1
2020-02-13T00:00:00,2020,1701,"Fresh, Chilled, or Frozen Muscle Cuts of Beef",5700,중국,22,772,43,38,1531,1
2020-02-13T00:00:00,2020,1701,"Fresh, Chilled, or Frozen Muscle Cuts of Beef",5800,한국,4832,35564,3900,3281,65462,1
2020-02-20T00:00:00,2020,1701,"Fresh, Chilled, or Frozen Muscle Cuts of Beef",5700,중국,118,789,155,135,1666,1
2020-02-20T00:00:00,2020,1701,"Fresh, Chilled, or Frozen Muscle Cuts of Beef",5800,한국,4944,32672,2487,2052,67514,1
2020-02-27T00:00:00,2020,1701,"Fresh, Chilled, or Frozen Muscle Cuts of Beef",5700,중국,20,804,41,35,1701,1
2020-02-27T00:00:00,2020,1701,"Fresh, Chilled, or Frozen Muscle Cuts of Beef",5800,한국,4327,30365,2480,2020,69534,1
2020-03-05T00:00:00,2020,1701,"Fresh, Chilled, or Frozen Muscle Cuts of Beef",5700,중국,56,1442,722,694,2395,1
2020-03-05T00:00:00,2020,1701,"Fresh, Chilled, or Frozen Muscle Cuts of Beef",5800,한국,4536,30111,4554,4282,73816,1
2020-03-12T00:00:00,2020,1701,"Fresh, Chilled, or Frozen Muscle Cuts of Beef",5700,중국,58,1392,103,8,2403,1
2020-03-12T00:00:00,2020,1701,"Fresh, Chilled, or Frozen Muscle Cuts of Beef",5800,한국,4403,33051,7765,7343,81159,1
2020-03-19T00:00:00,2020,1701,"Fresh, Chilled, or Frozen Muscle Cuts of Beef",5700,중국,158,1279,125,45,2448,1
2020-03-19T00:00:00,2020,1701,"Fresh, Chilled, or Frozen Muscle Cuts of Beef",5800,한국,4017,36186,7429,7152,88311,1
2020-03-26T00:00:00,2020,1701,"Fresh, Chilled, or Frozen Muscle Cuts of Beef",5700,중국,220,1268,223,209,2657,1
2020-03-26T00:00:00,2020,1701,"Fresh, Chilled, or Frozen Muscle Cuts of Beef",5800,한국,4075,37806,5994,5695,94006,1
2020-04-02T00:00:00,2020,1701,"Fresh, Chilled, or Frozen Muscle Cuts of Beef",5700,중국,240,1365,355,337,2994,1
2020-04-02T00:00:00,2020,1701,"Fresh, Chilled, or Frozen Muscle Cuts of Beef",5800,한국,4609,38725,5867,5528,99534,1
2020-04-09T00:00:00,2020,1701,"Fresh, Chilled, or Frozen Muscle Cuts of Beef",5700,중국,259,2595,1493,1489,4483,1
2020-04-09T00:00:00,2020,1701,"Fresh, Chilled, or Frozen Muscle Cuts of Beef",5800,한국,4293,39670,5799,5238,104772,1
2020-04-16T00:00:00,2020,1701,"Fresh, Chilled, or Frozen Muscle Cuts of Beef",5700,중국,207,3827,1477,1439,5922,1
2020-04-16T00:00:00,2020,1701,"Fresh, Chilled, or Frozen Muscle Cuts of Beef",5800,한국,4164,38346,3164,2840,107612,1
2020-04-23T00:00:00,2020,1701,"Fresh, Chilled, or Frozen Muscle Cuts of Beef",5700,중국,501,4374,1052,1048,6970,1
2020-04-23T00:00:00,2020,1701,"Fresh, Chilled, or Frozen Muscle Cuts of Beef",5800,한국,4605,34927,1899,1186,108798,1
2020-04-30T00:00:00,2020,1701,"Fresh, Chilled, or Frozen Muscle Cuts of Beef",5700,중국,279,5479,1392,1384,8354,1
2020-04-30T00:00:00,2020,1701,"Fresh, Chilled, or Frozen Muscle Cuts of Beef",5800,한국,3847,31368,936,288,109086,1
2020-05-07T00:00:00,2020,1701,"Fresh, Chilled, or Frozen Muscle Cuts of Beef",5700,중국,97,5540,220,158,8512,1
2020-05-07T00:00:00,2020,1701,"Fresh, Chilled, or Frozen Muscle Cuts of Beef",5800,한국,3507,27970,578,109,109195,1
2020-05-14T00:00:00,2020,1701,"Fresh, Chilled, or Frozen Muscle Cuts of Beef",5700,중국,385,5352,205,197,8709,1
2020-05-14T00:00:00,2020,1701,"Fresh, Chilled, or Frozen Muscle Cuts of Beef",5800,한국,2691,26266,1226,987,110182,1
2020-05-21T00:00:00,2020,1701,"Fresh, Chilled, or Frozen Muscle Cuts of Beef",5700,중국,228,6685,1591,1561,10270,1
2020-05-21T00:00:00,2020,1701,"Fresh, Chilled, or Frozen Muscle Cuts of Beef",5800,한국,3063,28629,5740,5426,115608,1
2020-05-28T00:00:00,2020,1701,"Fresh, Chilled, or Frozen Muscle Cuts of Beef",5700,중국,327,7058,711,700,10970,1
2020-05-28T00:00:00,2020,1701,"Fresh, Chilled, or Frozen Muscle Cuts of Beef",5800,한국,2870,30071,4581,4312,119920,1
2020-06-04T00:00:00,2020,1701,"Fresh, Chilled, or Frozen Muscle Cuts of Beef",5700,중국,325,6802,177,69,11039,1
2020-06-04T00:00:00,2020,1701,"Fresh, Chilled, or Frozen Muscle Cuts of Beef",5800,한국,3179,34103,7550,7211,127131,1
2020-06-11T00:00:00,2020,1701,"Fresh, Chilled, or Frozen Muscle Cuts of Beef",5700,중국,218,7040,492,456,11495,1
2020-06-11T00:00:00,2020,1701,"Fresh, Chilled, or Frozen Muscle Cuts of Beef",5800,한국,2192,40759,9195,8848,135979,1
2020-06-18T00:00:00,2020,1701,"Fresh, Chilled, or Frozen Muscle Cuts of Beef",5700,중국,335,7372,706,667,12162,1
2020-06-18T00:00:00,2020,1701,"Fresh, Chilled, or Frozen Muscle Cuts of Beef",5800,한국,5380,43585,8646,8206,144185,1
2020-06-25T00:00:00,2020,1701,"Fresh, Chilled, or Frozen Muscle Cuts of Beef",5700,중국,381,7256,289,265,12427,1
2020-06-25T00:00:00,2020,1701,"Fresh, Chilled, or Frozen Muscle Cuts of Beef",5800,한국,4805,41718,3507,2938,147123,1
2020-07-02T00:00:00,2020,1701,"Fresh, Chilled, or Frozen Muscle Cuts of Beef",5700,중국,220,8015,1021,979,13406,1
2020-07-02T00:00:00,2020,1701,"Fresh, Chilled, or Frozen Muscle Cuts of Beef",5800,한국,5370,38625,2742,2277,149400,1
2020-07-09T00:00:00,2020,1701,"Fresh, Chilled, or Frozen Muscle Cuts of Beef",5700,중국,238,9274,1530,1497,14903,1
2020-07-09T00:00:00,2020,1701,"Fresh, Chilled, or Frozen Muscle Cuts of Beef",5800,한국,5132,41380,8306,7887,157287,1
2020-07-16T00:00:00,2020,1701,"Fresh, Chilled, or Frozen Muscle Cuts of Beef",5700,중국,357,9396,489,479,15382,1
2020-07-16T00:00:00,2020,1701,"Fresh, Chilled, or Frozen Muscle Cuts of Beef",5800,한국,5365,40526,4938,4511,161798,1
2020-07-23T00:00:00,2020,1701,"Fresh, Chilled, or Frozen Muscle Cuts of Beef",5700,중국,331,10416,1367,1351,16733,1
2020-07-23T00:00:00,2020,1701,"Fresh, Chilled, or Frozen Muscle Cuts of Beef",5800,한국,5662,46347,12085,11483,173281,1
2020-07-30T00:00:00,2020,1701,"Fresh, Chilled, or Frozen Muscle Cuts of Beef",5700,중국,480,10601,997,665,17398,1
2020-07-30T00:00:00,2020,1701,"Fresh, Chilled, or Frozen Muscle Cuts of Beef",5800,한국,5614,43964,3632,3231,176512,1
2020-08-06T00:00:00,2020,1701,"Fresh, Chilled, or Frozen Muscle Cuts of Beef",5700,중국,414,12114,1945,1927,19325,1
2020-08-06T00:00:00,2020,1701,"Fresh, Chilled, or Frozen Muscle Cuts of Beef",5800,한국,5461,39673,1729,1170,177682,1
2020-08-13T00:00:00,2020,1701,"Fresh, Chilled, or Frozen Muscle Cuts of Beef",5700,중국,633,10999,342,-482,18843,1
2020-08-13T00:00:00,2020,1701,"Fresh, Chilled, or Frozen Muscle Cuts of Beef",5800,한국,5427,42645,8796,8399,186081,1
2020-08-20T00:00:00,2020,1701,"Fresh, Chilled, or Frozen Muscle Cuts of Beef",5700,중국,852,13462,3329,3315,22158,1
2020-08-20T00:00:00,2020,1701,"Fresh, Chilled, or Frozen Muscle Cuts of Beef",5800,한국,6012,38120,3681,1487,187568,1
2020-08-27T00:00:00,2020,1701,"Fresh, Chilled, or Frozen Muscle Cuts of Beef",5700,중국,1081,14201,1887,1820,23978,1
2020-08-27T00:00:00,2020,1701,"Fresh, Chilled, or Frozen Muscle Cuts of Beef",5800,한국,5603,34510,2438,1993,189561,1
2020-09-03T00:00:00,2020,1701,"Fresh, Chilled, or Frozen Muscle Cuts of Beef",5700,중국,1288,14118,1248,1205,25183,1
2020-09-03T00:00:00,2020,1701,"Fresh, Chilled, or Frozen Muscle Cuts of Beef",5800,한국,4921,35230,6056,5641,195202,1
2020-09-10T00:00:00,2020,1701,"Fresh, Chilled, or Frozen Muscle Cuts of Beef",5700,중국,959,14980,1870,1821,27004,1
2020-09-10T00:00:00,2020,1701,"Fresh, Chilled, or Frozen Muscle Cuts of Beef",5800,한국,3885,35757,4734,4412,199614,1
2020-09-17T00:00:00,2020,1701,"Fresh, Chilled, or Frozen Muscle Cuts of Beef",5700,중국,1200,17176,3412,3396,30400,1
2020-09-17T00:00:00,2020,1701,"Fresh, Chilled, or Frozen Muscle Cuts of Beef",5800,한국,4752,35528,4921,4523,204137,1
2020-09-24T00:00:00,2020,1701,"Fresh, Chilled, or Frozen Muscle Cuts of Beef",5700,중국,1684,19792,4321,4300,34700,1
2020-09-24T00:00:00,2020,1701,"Fresh, Chilled, or Frozen Muscle Cuts of Beef",5800,한국,4479,36705,6046,5656,209793,1
2020-10-01T00:00:00,2020,1701,"Fresh, Chilled, or Frozen Muscle Cuts of Beef",5700,중국,1530,22339,4091,4077,38777,1
2020-10-01T00:00:00,2020,1701,"Fresh, Chilled, or Frozen Muscle Cuts of Beef",5800,한국,3803,38725,6354,5823,215616,1
2020-10-08T00:00:00,2020,1701,"Fresh, Chilled, or Frozen Muscle Cuts of Beef",5700,중국,1494,21230,409,385,39162,1
2020-10-08T00:00:00,2020,1701,"Fresh, Chilled, or Frozen Muscle Cuts of Beef",5800,한국,3836,37110,2476,2221,217837,1
2020-10-15T00:00:00,2020,1701,"Fresh, Chilled, or Frozen Muscle Cuts of Beef",5700,중국,2027,22870,3699,3667,42829,1
2020-10-15T00:00:00,2020,1701,"Fresh, Chilled, or Frozen Muscle Cuts of Beef",5800,한국,4243,38223,5723,5356,223193,1
2020-10-22T00:00:00,2020,1701,"Fresh, Chilled, or Frozen Muscle Cuts of Beef",5700,중국,1635,25515,4318,4280,47109,1
2020-10-22T00:00:00,2020,1701,"Fresh, Chilled, or Frozen Muscle Cuts of Beef",5800,한국,3728,38698,5737,4203,227396,1
2020-10-29T00:00:00,2020,1701,"Fresh, Chilled, or Frozen Muscle Cuts of Beef",5700,중국,2738,26334,3612,3557,50666,1
2020-10-29T00:00:00,2020,1701,"Fresh, Chilled, or Frozen Muscle Cuts of Beef",5800,한국,5568,37684,5218,4554,231950,1
2020-11-05T00:00:00,2020,1701,"Fresh, Chilled, or Frozen Muscle Cuts of Beef",5700,중국,1894,27938,3521,3498,54164,1
2020-11-05T00:00:00,2020,1701,"Fresh, Chilled, or Frozen Muscle Cuts of Beef",5800,한국,2183,36802,1356,1301,233251,1
2020-11-12T00:00:00,2020,1701,"Fresh, Chilled, or Frozen Muscle Cuts of Beef",5700,중국,2163,27636,1894,1861,56025,1
2020-11-12T00:00:00,2020,1701,"Fresh, Chilled, or Frozen Muscle Cuts of Beef",5800,한국,6160,47922,18112,17280,250531,1
2020-11-19T00:00:00,2020,1701,"Fresh, Chilled, or Frozen Muscle Cuts of Beef",5700,중국,2889,26759,2154,2012,58037,1
2020-11-19T00:00:00,2020,1701,"Fresh, Chilled, or Frozen Muscle Cuts of Beef",5800,한국,5276,31860,4538,-10786,239745,1
2020-11-26T00:00:00,2020,1701,"Fresh, Chilled, or Frozen Muscle Cuts of Beef",5700,중국,2138,25417,908,796,58833,1
2020-11-26T00:00:00,2020,1701,"Fresh, Chilled, or Frozen Muscle Cuts of Beef",5800,한국,3985,31626,4129,3751,243496,1
2020-12-03T00:00:00,2020,1701,"Fresh, Chilled, or Frozen Muscle Cuts of Beef",5700,중국,1798,24374,1019,755,59588,1
2020-12-03T00:00:00,2020,1701,"Fresh, Chilled, or Frozen Muscle Cuts of Beef",5800,한국,4423,22571,2916,-4632,238864,1
2020-12-10T00:00:00,2020,1701,"Fresh, Chilled, or Frozen Muscle Cuts of Beef",5700,중국,2353,22705,846,684,60272,1
2020-12-10T00:00:00,2020,1701,"Fresh, Chilled, or Frozen Muscle Cuts of Beef",5800,한국,4809,19928,3501,2166,241030,1
2020-12-17T00:00:00,2020,1701,"Fresh, Chilled, or Frozen Muscle Cuts of Beef",5700,중국,563,22313,203,171,60443,1
2020-12-17T00:00:00,2020,1701,"Fresh, Chilled, or Frozen Muscle Cuts of Beef",5800,한국,3702,18109,2558,1883,242913,1
2020-12-24T00:00:00,2020,1701,"Fresh, Chilled, or Frozen Muscle Cuts of Beef",5700,중국,4400,21001,3366,3088,63531,1
2020-12-24T00:00:00,2020,1701,"Fresh, Chilled, or Frozen Muscle Cuts of Beef",5800,한국,6180,14855,3146,2926,245839,1
2020-12-31T00:00:00,2020,1701,"Fresh, Chilled, or Frozen Muscle Cuts of Beef",5700,중국,1151,19853,17,3,63534,1
2020-12-31T00:00:00,2020,1701,"Fresh, Chilled, or Frozen Muscle Cuts of Beef",5800,한국,3213,11717,180,75,245914,1
2021-01-07T00:00:00,2021,1701,"Fresh, Chilled, or Frozen Muscle Cuts of Beef",5700,중국,1643,24183,3013,2799,25826,1
2021-01-07T00:00:00,2021,1701,"Fresh, Chilled, or Frozen Muscle Cuts of Beef",5800,한국,4034,52057,5256,4918,56091,1
2021-01-14T00:00:00,2021,1701,"Fresh, Chilled, or Frozen Muscle Cuts of Beef",5700,중국,1205,27268,4401,4290,30116,1
2021-01-14T00:00:00,2021,1701,"Fresh, Chilled, or Frozen Muscle Cuts of Beef",5800,한국,5115,50441,4083,3499,59590,1
2021-01-21T00:00:00,2021,1701,"Fresh, Chilled, or Frozen Muscle Cuts of Beef",5700,중국,1164,29367,3308,3263,33379,1
2021-01-21T00:00:00,2021,1701,"Fresh, Chilled, or Frozen Muscle Cuts of Beef",5800,한국,5190,53322,8470,8071,67661,1
2021-01-28T00:00:00,2021,1701,"Fresh, Chilled, or Frozen Muscle Cuts of Beef",5700,중국,1221,35121,7026,6975,40354,1
2021-01-28T00:00:00,2021,1701,"Fresh, Chilled, or Frozen Muscle Cuts of Beef",5800,한국,4889,58403,10279,9970,77631,1
2021-02-04T00:00:00,2021,1701,"Fresh, Chilled, or Frozen Muscle Cuts of Beef",5700,중국,1490,35388,1797,1757,42111,1
2021-02-04T00:00:00,2021,1701,"Fresh, Chilled, or Frozen Muscle Cuts of Beef",5800,한국,5012,57687,4766,4296,81927,1
2021-02-11T00:00:00,2021,1701,"Fresh, Chilled, or Frozen Muscle Cuts of Beef",5700,중국,1753,36023,2434,2388,44499,1
2021-02-11T00:00:00,2021,1701,"Fresh, Chilled, or Frozen Muscle Cuts of Beef",5800,한국,3854,63423,10165,9590,91517,1
2021-02-18T00:00:00,2021,1701,"Fresh, Chilled, or Frozen Muscle Cuts of Beef",5700,중국,1903,33157,207,-963,43536,1
2021-02-18T00:00:00,2021,1701,"Fresh, Chilled, or Frozen Muscle Cuts of Beef",5800,한국,4750,62505,4364,3832,95349,1
2021-02-25T00:00:00,2021,1701,"Fresh, Chilled, or Frozen Muscle Cuts of Beef",5700,중국,3087,34555,4513,4485,48021,1
2021-02-25T00:00:00,2021,1701,"Fresh, Chilled, or Frozen Muscle Cuts of Beef",5800,한국,5017,64250,7286,6762,102111,1
2021-03-04T00:00:00,2021,1701,"Fresh, Chilled, or Frozen Muscle Cuts of Beef",5700,중국,2721,33662,1931,1828,49849,1
2021-03-04T00:00:00,2021,1701,"Fresh, Chilled, or Frozen Muscle Cuts of Beef",5800,한국,5522,65287,6920,6559,108670,1
2021-03-11T00:00:00,2021,1701,"Fresh, Chilled, or Frozen Muscle Cuts of Beef",5700,중국,2715,36249,5373,5302,55151,1
2021-03-11T00:00:00,2021,1701,"Fresh, Chilled, or Frozen Muscle Cuts of Beef",5800,한국,4027,66667,5772,5407,114077,1
2021-03-18T00:00:00,2021,1701,"Fresh, Chilled, or Frozen Muscle Cuts of Beef",5700,중국,3157,36661,3619,3569,58720,1
2021-03-18T00:00:00,2021,1701,"Fresh, Chilled, or Frozen Muscle Cuts of Beef",5800,한국,4367,66740,4984,4440,118517,1
2021-03-25T00:00:00,2021,1701,"Fresh, Chilled, or Frozen Muscle Cuts of Beef",5700,중국,2875,39683,5974,5897,64617,1
2021-03-25T00:00:00,2021,1701,"Fresh, Chilled, or Frozen Muscle Cuts of Beef",5800,한국,5054,64287,3160,2601,121118,1
2021-04-01T00:00:00,2021,1701,"Fresh, Chilled, or Frozen Muscle Cuts of Beef",5700,중국,3150,38445,1982,1912,66529,1
2021-04-01T00:00:00,2021,1701,"Fresh, Chilled, or Frozen Muscle Cuts of Beef",5800,한국,6519,66827,9727,9059,130177,1
2021-04-08T00:00:00,2021,1701,"Fresh, Chilled, or Frozen Muscle Cuts of Beef",5700,중국,3489,38281,3391,3325,69854,1
2021-04-08T00:00:00,2021,1701,"Fresh, Chilled, or Frozen Muscle Cuts of Beef",5800,한국,5441,64320,3328,2934,133111,1
2021-04-15T00:00:00,2021,1701,"Fresh, Chilled, or Frozen Muscle Cuts of Beef",5700,중국,3618,37777,3206,3114,72968,1
2021-04-15T00:00:00,2021,1701,"Fresh, Chilled, or Frozen Muscle Cuts of Beef",5800,한국,6065,66058,8347,7803,140914,1
2021-04-22T00:00:00,2021,1701,"Fresh, Chilled, or Frozen Muscle Cuts of Beef",5700,중국,3135,36584,2093,1942,74910,1
2021-04-22T00:00:00,2021,1701,"Fresh, Chilled, or Frozen Muscle Cuts of Beef",5800,한국,5944,71826,12285,11712,152626,1
2021-04-29T00:00:00,2021,1701,"Fresh, Chilled, or Frozen Muscle Cuts of Beef",5700,중국,3171,34177,997,764,75674,1
2021-04-29T00:00:00,2021,1701,"Fresh, Chilled, or Frozen Muscle Cuts of Beef",5800,한국,5050,69050,2790,2274,154900,1
2021-05-06T00:00:00,2021,1701,"Fresh, Chilled, or Frozen Muscle Cuts of Beef",5700,중국,2576,34022,2508,2421,78095,1
2021-05-06T00:00:00,2021,1701,"Fresh, Chilled, or Frozen Muscle Cuts of Beef",5800,한국,5096,65928,2546,1974,156874,1
2021-05-13T00:00:00,2021,1701,"Fresh, Chilled, or Frozen Muscle Cuts of Beef",5700,중국,2879,40348,9248,9205,87300,1
2021-05-13T00:00:00,2021,1701,"Fresh, Chilled, or Frozen Muscle Cuts of Beef",5800,한국,5109,65299,4817,4480,161354,1
2021-05-20T00:00:00,2021,1701,"Fresh, Chilled, or Frozen Muscle Cuts of Beef",5700,중국,3519,45823,9115,8994,96294,1
2021-05-20T00:00:00,2021,1701,"Fresh, Chilled, or Frozen Muscle Cuts of Beef",5800,한국,4921,66336,6395,5958,167312,1
2021-05-27T00:00:00,2021,1701,"Fresh, Chilled, or Frozen Muscle Cuts of Beef",5700,중국,834,45178,246,189,96483,1
2021-05-27T00:00:00,2021,1701,"Fresh, Chilled, or Frozen Muscle Cuts of Beef",5800,한국,3524,65268,2841,2456,169768,1
2021-06-03T00:00:00,2021,1701,"Fresh, Chilled, or Frozen Muscle Cuts of Beef",5700,중국,4590,42926,2446,2338,98821,1
2021-06-03T00:00:00,2021,1701,"Fresh, Chilled, or Frozen Muscle Cuts of Beef",5800,한국,5356,63930,4489,4018,173786,1
2021-06-10T00:00:00,2021,1701,"Fresh, Chilled, or Frozen Muscle Cuts of Beef",5700,중국,3011,43496,3672,3581,102402,1
2021-06-10T00:00:00,2021,1701,"Fresh, Chilled, or Frozen Muscle Cuts of Beef",5800,한국,4943,60694,2203,1707,175493,1
2021-06-17T00:00:00,2021,1701,"Fresh, Chilled, or Frozen Muscle Cuts of Beef",5700,중국,4113,41006,1729,1623,104025,1
2021-06-17T00:00:00,2021,1701,"Fresh, Chilled, or Frozen Muscle Cuts of Beef",5800,한국,4674,62756,7185,6736,182229,1
2021-06-24T00:00:00,2021,1701,"Fresh, Chilled, or Frozen Muscle Cuts of Beef",5700,중국,4198,38866,2192,2058,106083,1
2021-06-24T00:00:00,2021,1701,"Fresh, Chilled, or Frozen Muscle Cuts of Beef",5800,한국,4872,60647,3376,2763,184992,1
2021-07-01T00:00:00,2021,1701,"Fresh, Chilled, or Frozen Muscle Cuts of Beef",5700,중국,3195,38417,2824,2746,108829,1
2021-07-01T00:00:00,2021,1701,"Fresh, Chilled, or Frozen Muscle Cuts of Beef",5800,한국,4713,66291,10730,10357,195349,1
2021-07-08T00:00:00,2021,1701,"Fresh, Chilled, or Frozen Muscle Cuts of Beef",5700,중국,3337,36635,1621,1555,110384,1
2021-07-08T00:00:00,2021,1701,"Fresh, Chilled, or Frozen Muscle Cuts of Beef",5800,한국,3815,63044,1285,568,195917,1
2021-07-15T00:00:00,2021,1701,"Fresh, Chilled, or Frozen Muscle Cuts of Beef",5700,중국,4001,36733,4202,4099,114483,1
2021-07-15T00:00:00,2021,1701,"Fresh, Chilled, or Frozen Muscle Cuts of Beef",5800,한국,5909,65690,9018,8555,204472,1
2021-07-22T00:00:00,2021,1701,"Fresh, Chilled, or Frozen Muscle Cuts of Beef",5700,중국,3109,38112,4576,4488,118971,1
2021-07-22T00:00:00,2021,1701,"Fresh, Chilled, or Frozen Muscle Cuts of Beef",5800,한국,5149,68763,8686,8222,212694,1
2021-07-29T00:00:00,2021,1701,"Fresh, Chilled, or Frozen Muscle Cuts of Beef",5700,중국,3586,36819,2371,2293,121264,1
2021-07-29T00:00:00,2021,1701,"Fresh, Chilled, or Frozen Muscle Cuts of Beef",5800,한국,6794,65230,3920,3261,215955,1
2021-08-05T00:00:00,2021,1701,"Fresh, Chilled, or Frozen Muscle Cuts of Beef",5700,중국,3071,34722,1113,974,122238,1
2021-08-05T00:00:00,2021,1701,"Fresh, Chilled, or Frozen Muscle Cuts of Beef",5800,한국,6011,61706,3274,2487,218442,1
2021-08-12T00:00:00,2021,1701,"Fresh, Chilled, or Frozen Muscle Cuts of Beef",5700,중국,4166,32397,2178,1841,124079,1
2021-08-12T00:00:00,2021,1701,"Fresh, Chilled, or Frozen Muscle Cuts of Beef",5800,한국,5595,58950,3251,2839,221281,1
2021-08-19T00:00:00,2021,1701,"Fresh, Chilled, or Frozen Muscle Cuts of Beef",5700,중국,3454,30480,1602,1537,125616,1
2021-08-19T00:00:00,2021,1701,"Fresh, Chilled, or Frozen Muscle Cuts of Beef",5800,한국,5328,56156,2989,2534,223815,1
2021-08-26T00:00:00,2021,1701,"Fresh, Chilled, or Frozen Muscle Cuts of Beef",5700,중국,3868,27213,1387,601,126217,1
2021-08-26T00:00:00,2021,1701,"Fresh, Chilled, or Frozen Muscle Cuts of Beef",5800,한국,5241,58223,7767,7308,231123,1
2021-09-02T00:00:00,2021,1701,"Fresh, Chilled, or Frozen Muscle Cuts of Beef",5700,중국,4012,25946,2814,2745,128962,1
2021-09-02T00:00:00,2021,1701,"Fresh, Chilled, or Frozen Muscle Cuts of Beef",5800,한국,4675,54481,1416,933,232056,1
2021-09-09T00:00:00,2021,1701,"Fresh, Chilled, or Frozen Muscle Cuts of Beef",5700,중국,2257,25046,1473,1357,130319,1
2021-09-09T00:00:00,2021,1701,"Fresh, Chilled, or Frozen Muscle Cuts of Beef",5800,한국,3984,55499,5347,5002,237058,1
2021-09-16T00:00:00,2021,1701,"Fresh, Chilled, or Frozen Muscle Cuts of Beef",5700,중국,3463,24614,3096,3031,133350,1
2021-09-16T00:00:00,2021,1701,"Fresh, Chilled, or Frozen Muscle Cuts of Beef",5800,한국,4667,54008,3573,3176,240234,1
2021-09-23T00:00:00,2021,1701,"Fresh, Chilled, or Frozen Muscle Cuts of Beef",5700,중국,3467,23909,2863,2762,136112,1
2021-09-23T00:00:00,2021,1701,"Fresh, Chilled, or Frozen Muscle Cuts of Beef",5800,한국,4897,54393,5733,5282,245516,1
2021-09-30T00:00:00,2021,1701,"Fresh, Chilled, or Frozen Muscle Cuts of Beef",5700,중국,2698,27225,6125,6014,142126,1
2021-09-30T00:00:00,2021,1701,"Fresh, Chilled, or Frozen Muscle Cuts of Beef",5800,한국,3741,53222,2941,2570,248086,1
2021-10-07T00:00:00,2021,1701,"Fresh, Chilled, or Frozen Muscle Cuts of Beef",5700,중국,2413,28249,3551,3437,145563,1
2021-10-07T00:00:00,2021,1701,"Fresh, Chilled, or Frozen Muscle Cuts of Beef",5800,한국,3814,51801,2914,2393,250479,1
2021-10-14T00:00:00,2021,1701,"Fresh, Chilled, or Frozen Muscle Cuts of Beef",5700,중국,3046,26812,1815,1609,147172,1
2021-10-14T00:00:00,2021,1701,"Fresh, Chilled, or Frozen Muscle Cuts of Beef",5800,한국,5404,47472,1514,1075,251554,1
2021-10-21T00:00:00,2021,1701,"Fresh, Chilled, or Frozen Muscle Cuts of Beef",5700,중국,3516,27835,4708,4539,151711,1
2021-10-21T00:00:00,2021,1701,"Fresh, Chilled, or Frozen Muscle Cuts of Beef",5800,한국,4718,48939,6650,6185,257739,1
2021-10-28T00:00:00,2021,1701,"Fresh, Chilled, or Frozen Muscle Cuts of Beef",5700,중국,3061,27604,2976,2830,154541,1
2021-10-28T00:00:00,2021,1701,"Fresh, Chilled, or Frozen Muscle Cuts of Beef",5800,한국,4630,51045,7248,6736,264475,1
2021-11-04T00:00:00,2021,1701,"Fresh, Chilled, or Frozen Muscle Cuts of Beef",5700,중국,3227,32607,8493,8230,162771,1
2021-11-04T00:00:00,2021,1701,"Fresh, Chilled, or Frozen Muscle Cuts of Beef",5800,한국,5007,47675,2341,1637,266112,1
2021-11-11T00:00:00,2021,1701,"Fresh, Chilled, or Frozen Muscle Cuts of Beef",5700,중국,3227,43131,13923,13751,176522,1
2021-11-11T00:00:00,2021,1701,"Fresh, Chilled, or Frozen Muscle Cuts of Beef",5800,한국,5375,43997,2177,1697,267809,1
2021-11-18T00:00:00,2021,1701,"Fresh, Chilled, or Frozen Muscle Cuts of Beef",5700,중국,3587,43986,4593,4442,180964,1
2021-11-18T00:00:00,2021,1701,"Fresh, Chilled, or Frozen Muscle Cuts of Beef",5800,한국,4773,43783,5105,4559,272368,1
2021-11-25T00:00:00,2021,1701,"Fresh, Chilled, or Frozen Muscle Cuts of Beef",5700,중국,3015,44316,3683,3345,184309,1
2021-11-25T00:00:00,2021,1701,"Fresh, Chilled, or Frozen Muscle Cuts of Beef",5800,한국,4459,49996,13761,10672,283040,1
2021-12-02T00:00:00,2021,1701,"Fresh, Chilled, or Frozen Muscle Cuts of Beef",5700,중국,3308,42961,2219,1953,186262,1
2021-12-02T00:00:00,2021,1701,"Fresh, Chilled, or Frozen Muscle Cuts of Beef",5800,한국,4359,41301,3043,-4336,278704,1
2021-12-09T00:00:00,2021,1701,"Fresh, Chilled, or Frozen Muscle Cuts of Beef",5700,중국,2950,43701,3788,3690,189952,1
2021-12-09T00:00:00,2021,1701,"Fresh, Chilled, or Frozen Muscle Cuts of Beef",5800,한국,5173,40612,5111,4484,283188,1
2021-12-16T00:00:00,2021,1701,"Fresh, Chilled, or Frozen Muscle Cuts of Beef",5700,중국,3079,44453,4130,3831,193783,1
2021-12-16T00:00:00,2021,1701,"Fresh, Chilled, or Frozen Muscle Cuts of Beef",5800,한국,5371,38021,4261,2780,285968,1
2021-12-23T00:00:00,2021,1701,"Fresh, Chilled, or Frozen Muscle Cuts of Beef",5700,중국,2752,42683,1270,982,194765,1
2021-12-23T00:00:00,2021,1701,"Fresh, Chilled, or Frozen Muscle Cuts of Beef",5800,한국,5199,34589,2227,1767,287735,1
2021-12-30T00:00:00,2021,1701,"Fresh, Chilled, or Frozen Muscle Cuts of Beef",5700,중국,1730,39779,113,-1174,193591,1
2021-12-30T00:00:00,2021,1701,"Fresh, Chilled, or Frozen Muscle Cuts of Beef",5800,한국,4107,28213,705,-2269,285466,1
2022-01-06T00:00:00,2022,1701,"Fresh, Chilled, or Frozen Muscle Cuts of Beef",5700,중국,1727,43740,41131,40722,45467,1
2022-01-06T00:00:00,2022,1701,"Fresh, Chilled, or Frozen Muscle Cuts of Beef",5800,한국,3065,66495,29568,29071,69560,1
2022-01-13T00:00:00,2022,1701,"Fresh, Chilled, or Frozen Muscle Cuts of Beef",5700,중국,1933,45665,3936,3858,49325,1
2022-01-13T00:00:00,2022,1701,"Fresh, Chilled, or Frozen Muscle Cuts of Beef",5800,한국,4462,63808,2234,1775,71335,1
2022-01-20T00:00:00,2022,1701,"Fresh, Chilled, or Frozen Muscle Cuts of Beef",5700,중국,1865,44441,1559,641,49966,1
2022-01-20T00:00:00,2022,1701,"Fresh, Chilled, or Frozen Muscle Cuts of Beef",5800,한국,3864,66162,6599,6218,77553,1
2022-01-27T00:00:00,2022,1701,"Fresh, Chilled, or Frozen Muscle Cuts of Beef",5700,중국,1869,43429,1045,857,50823,1
2022-01-27T00:00:00,2022,1701,"Fresh, Chilled, or Frozen Muscle Cuts of Beef",5800,한국,5913,63784,4299,3535,81088,1
2022-02-03T00:00:00,2022,1701,"Fresh, Chilled, or Frozen Muscle Cuts of Beef",5700,중국,2428,40730,248,-271,50552,1
2022-02-03T00:00:00,2022,1701,"Fresh, Chilled, or Frozen Muscle Cuts of Beef",5800,한국,4491,66638,7729,7345,88433,1
2022-02-10T00:00:00,2022,1701,"Fresh, Chilled, or Frozen Muscle Cuts of Beef",5700,중국,2361,38975,1693,606,51158,1
2022-02-10T00:00:00,2022,1701,"Fresh, Chilled, or Frozen Muscle Cuts of Beef",5800,한국,4946,71813,10756,10121,98554,1
2022-02-17T00:00:00,2022,1701,"Fresh, Chilled, or Frozen Muscle Cuts of Beef",5700,중국,2226,38619,1994,1870,53028,1
2022-02-17T00:00:00,2022,1701,"Fresh, Chilled, or Frozen Muscle Cuts of Beef",5800,한국,4200,69891,2839,2278,100832,1
2022-02-24T00:00:00,2022,1701,"Fresh, Chilled, or Frozen Muscle Cuts of Beef",5700,중국,2693,39986,4260,4060,57088,1
2022-02-24T00:00:00,2022,1701,"Fresh, Chilled, or Frozen Muscle Cuts of Beef",5800,한국,5227,74439,10244,9775,110607,1
2022-03-03T00:00:00,2022,1701,"Fresh, Chilled, or Frozen Muscle Cuts of Beef",5700,중국,2629,47724,10491,10367,67455,1
2022-03-03T00:00:00,2022,1701,"Fresh, Chilled, or Frozen Muscle Cuts of Beef",5800,한국,4464,73661,4166,3686,114293,1
2022-03-10T00:00:00,2022,1701,"Fresh, Chilled, or Frozen Muscle Cuts of Beef",5700,중국,2657,51630,6707,6563,74018,1
2022-03-10T00:00:00,2022,1701,"Fresh, Chilled, or Frozen Muscle Cuts of Beef",5800,한국,4609,71626,3265,2574,116867,1
2022-03-17T00:00:00,2022,1701,"Fresh, Chilled, or Frozen Muscle Cuts of Beef",5700,중국,8697,50525,7730,7592,81610,1
2022-03-17T00:00:00,2022,1701,"Fresh, Chilled, or Frozen Muscle Cuts of Beef",5800,한국,6370,74283,9692,9027,125894,1
2022-03-24T00:00:00,2022,1701,"Fresh, Chilled, or Frozen Muscle Cuts of Beef",5700,중국,3137,54525,7356,7137,88747,1
2022-03-24T00:00:00,2022,1701,"Fresh, Chilled, or Frozen Muscle Cuts of Beef",5800,한국,6538,72297,5242,4552,130446,1
2022-03-31T00:00:00,2022,1701,"Fresh, Chilled, or Frozen Muscle Cuts of Beef",5700,중국,3412,51090,453,-23,88724,1
2022-03-31T00:00:00,2022,1701,"Fresh, Chilled, or Frozen Muscle Cuts of Beef",5800,한국,5412,70821,4771,3936,134382,1
2022-04-07T00:00:00,2022,1701,"Fresh, Chilled, or Frozen Muscle Cuts of Beef",5700,중국,2966,48634,617,510,89234,1
2022-04-07T00:00:00,2022,1701,"Fresh, Chilled, or Frozen Muscle Cuts of Beef",5800,한국,5822,72512,8026,7513,141895,1
2022-04-14T00:00:00,2022,1701,"Fresh, Chilled, or Frozen Muscle Cuts of Beef",5700,중국,3633,47486,3234,2485,91719,1
2022-04-14T00:00:00,2022,1701,"Fresh, Chilled, or Frozen Muscle Cuts of Beef",5800,한국,6821,69752,4774,4061,145956,1
2022-04-21T00:00:00,2022,1701,"Fresh, Chilled, or Frozen Muscle Cuts of Beef",5700,중국,3150,45853,1582,1517,93236,1
2022-04-21T00:00:00,2022,1701,"Fresh, Chilled, or Frozen Muscle Cuts of Beef",5800,한국,4443,66568,1869,1259,147215,1
2022-04-28T00:00:00,2022,1701,"Fresh, Chilled, or Frozen Muscle Cuts of Beef",5700,중국,3196,44265,1658,1608,94844,1
2022-04-28T00:00:00,2022,1701,"Fresh, Chilled, or Frozen Muscle Cuts of Beef",5800,한국,5044,64682,3722,3158,150373,1
2022-05-05T00:00:00,2022,1701,"Fresh, Chilled, or Frozen Muscle Cuts of Beef",5700,중국,2509,42612,943,856,95700,1
2022-05-05T00:00:00,2022,1701,"Fresh, Chilled, or Frozen Muscle Cuts of Beef",5800,한국,6027,70660,12681,12005,162378,1
2022-05-12T00:00:00,2022,1701,"Fresh, Chilled, or Frozen Muscle Cuts of Beef",5700,중국,3076,42476,3138,2940,98640,1
2022-05-12T00:00:00,2022,1701,"Fresh, Chilled, or Frozen Muscle Cuts of Beef",5800,한국,6092,71931,8236,7363,169741,1
2022-05-19T00:00:00,2022,1701,"Fresh, Chilled, or Frozen Muscle Cuts of Beef",5700,중국,2526,42415,2585,2465,101105,1
2022-05-19T00:00:00,2022,1701,"Fresh, Chilled, or Frozen Muscle Cuts of Beef",5800,한국,4450,71388,4559,3907,173648,1
2022-05-26T00:00:00,2022,1701,"Fresh, Chilled, or Frozen Muscle Cuts of Beef",5700,중국,2726,44461,5050,4772,105877,1
2022-05-26T00:00:00,2022,1701,"Fresh, Chilled, or Frozen Muscle Cuts of Beef",5800,한국,5386,68724,3119,2722,176370,1
2022-06-02T00:00:00,2022,1701,"Fresh, Chilled, or Frozen Muscle Cuts of Beef",5700,중국,2360,47300,5456,5199,111076,1
2022-06-02T00:00:00,2022,1701,"Fresh, Chilled, or Frozen Muscle Cuts of Beef",5800,한국,4569,67760,4215,3605,179975,1
2022-06-09T00:00:00,2022,1701,"Fresh, Chilled, or Frozen Muscle Cuts of Beef",5700,중국,4035,47875,4726,4610,115686,1
2022-06-09T00:00:00,2022,1701,"Fresh, Chilled, or Frozen Muscle Cuts of Beef",5800,한국,4972,66248,4109,3460,183435,1
2022-06-16T00:00:00,2022,1701,"Fresh, Chilled, or Frozen Muscle Cuts of Beef",5700,중국,3289,45999,1811,1413,117099,1
2022-06-16T00:00:00,2022,1701,"Fresh, Chilled, or Frozen Muscle Cuts of Beef",5800,한국,4461,64345,3067,2558,185993,1
2022-06-23T00:00:00,2022,1701,"Fresh, Chilled, or Frozen Muscle Cuts of Beef",5700,중국,3815,46710,4879,4526,121625,1
2022-06-23T00:00:00,2022,1701,"Fresh, Chilled, or Frozen Muscle Cuts of Beef",5800,한국,5732,63688,6196,5075,191068,1
2022-06-30T00:00:00,2022,1701,"Fresh, Chilled, or Frozen Muscle Cuts of Beef",5700,중국,4220,40884,370,-1606,120019,1
2022-06-30T00:00:00,2022,1701,"Fresh, Chilled, or Frozen Muscle Cuts of Beef",5800,한국,4374,61031,2193,1717,192785,1
2022-07-07T00:00:00,2022,1701,"Fresh, Chilled, or Frozen Muscle Cuts of Beef",5700,중국,2257,39098,1379,471,120490,1
2022-07-07T00:00:00,2022,1701,"Fresh, Chilled, or Frozen Muscle Cuts of Beef",5800,한국,4479,55839,1805,-713,192072,1
2022-07-14T00:00:00,2022,1701,"Fresh, Chilled, or Frozen Muscle Cuts of Beef",5700,중국,3338,38858,3222,3098,123588,1
2022-07-14T00:00:00,2022,1701,"Fresh, Chilled, or Frozen Muscle Cuts of Beef",5800,한국,5489,58008,8151,7658,199730,1
2022-07-21T00:00:00,2022,1701,"Fresh, Chilled, or Frozen Muscle Cuts of Beef",5700,중국,2914,39058,3338,3114,126702,1
2022-07-21T00:00:00,2022,1701,"Fresh, Chilled, or Frozen Muscle Cuts of Beef",5800,한국,5964,59986,8592,7942,207672,1
2022-07-28T00:00:00,2022,1701,"Fresh, Chilled, or Frozen Muscle Cuts of Beef",5700,중국,2589,36527,781,58,126760,1
2022-07-28T00:00:00,2022,1701,"Fresh, Chilled, or Frozen Muscle Cuts of Beef",5800,한국,4912,57951,3510,2877,210549,1
2022-08-04T00:00:00,2022,1701,"Fresh, Chilled, or Frozen Muscle Cuts of Beef",5700,중국,4408,33955,1932,1836,128596,1
2022-08-04T00:00:00,2022,1701,"Fresh, Chilled, or Frozen Muscle Cuts of Beef",5800,한국,5078,55935,3439,3062,213611,1
2022-08-11T00:00:00,2022,1701,"Fresh, Chilled, or Frozen Muscle Cuts of Beef",5700,중국,3832,37479,7423,7356,135952,1
2022-08-11T00:00:00,2022,1701,"Fresh, Chilled, or Frozen Muscle Cuts of Beef",5800,한국,5634,52214,2297,1913,215524,1
2022-08-18T00:00:00,2022,1701,"Fresh, Chilled, or Frozen Muscle Cuts of Beef",5700,중국,0,37479,0,0,135952,1
2022-08-18T00:00:00,2022,1701,"Fresh, Chilled, or Frozen Muscle Cuts of Beef",5800,한국,0,52214,0,0,215524,1
2022-08-25T00:00:00,2022,1701,"Fresh, Chilled, or Frozen Muscle Cuts of Beef",5700,중국,7211,41571,11577,11303,147255,1
2022-08-25T00:00:00,2022,1701,"Fresh, Chilled, or Frozen Muscle Cuts of Beef",5800,한국,8631,50383,8011,6800,222324,1
2022-09-01T00:00:00,2022,1701,"Fresh, Chilled, or Frozen Muscle Cuts of Beef",5700,중국,3416,37529,382,-626,146629,1
2022-09-01T00:00:00,2022,1701,"Fresh, Chilled, or Frozen Muscle Cuts of Beef",5800,한국,4291,48637,3206,2545,224869,1
2022-09-08T00:00:00,2022,1701,"Fresh, Chilled, or Frozen Muscle Cuts of Beef",5700,중국,2582,33913,228,-1034,145595,1
2022-09-08T00:00:00,2022,1701,"Fresh, Chilled, or Frozen Muscle Cuts of Beef",5800,한국,3798,51506,7902,6667,231536,1
2022-09-15T00:00:00,2022,1701,"Fresh, Chilled, or Frozen Muscle Cuts of Beef",5700,중국,4312,35792,6354,6191,151786,1
2022-09-15T00:00:00,2022,1701,"Fresh, Chilled, or Frozen Muscle Cuts of Beef",5800,한국,4572,48152,1932,1218,232754,1
2022-09-22T00:00:00,2022,1701,"Fresh, Chilled, or Frozen Muscle Cuts of Beef",5700,중국,4220,37612,6132,6040,157826,1
2022-09-22T00:00:00,2022,1701,"Fresh, Chilled, or Frozen Muscle Cuts of Beef",5800,한국,4012,51435,7741,7295,240049,1
2022-09-29T00:00:00,2022,1701,"Fresh, Chilled, or Frozen Muscle Cuts of Beef",5700,중국,3103,36644,2217,2135,159961,1
2022-09-29T00:00:00,2022,1701,"Fresh, Chilled, or Frozen Muscle Cuts of Beef",5800,한국,4700,52696,6705,5961,246010,1
2022-10-06T00:00:00,2022,1701,"Fresh, Chilled, or Frozen Muscle Cuts of Beef",5700,중국,2286,34024,336,-334,159627,1
2022-10-06T00:00:00,2022,1701,"Fresh, Chilled, or Frozen Muscle Cuts of Beef",5800,한국,3697,51868,3543,2869,248879,1
2022-10-13T00:00:00,2022,1701,"Fresh, Chilled, or Frozen Muscle Cuts of Beef",5700,중국,3897,32152,2104,2025,161652,1
2022-10-13T00:00:00,2022,1701,"Fresh, Chilled, or Frozen Muscle Cuts of Beef",5800,한국,4434,54493,7667,7059,255938,1
2022-10-20T00:00:00,2022,1701,"Fresh, Chilled, or Frozen Muscle Cuts of Beef",5700,중국,2983,31794,2719,2625,164277,1
2022-10-20T00:00:00,2022,1701,"Fresh, Chilled, or Frozen Muscle Cuts of Beef",5800,한국,4473,54570,5172,4550,260488,1
2022-10-27T00:00:00,2022,1701,"Fresh, Chilled, or Frozen Muscle Cuts of Beef",5700,중국,2846,28097,386,-851,163426,1
2022-10-27T00:00:00,2022,1701,"Fresh, Chilled, or Frozen Muscle Cuts of Beef",5800,한국,5208,51219,2465,1857,262345,1
2022-11-03T00:00:00,2022,1701,"Fresh, Chilled, or Frozen Muscle Cuts of Beef",5700,중국,2561,22906,569,-2630,160796,1
2022-11-03T00:00:00,2022,1701,"Fresh, Chilled, or Frozen Muscle Cuts of Beef",5800,한국,5121,53191,7692,7093,269438,1
2022-11-10T00:00:00,2022,1701,"Fresh, Chilled, or Frozen Muscle Cuts of Beef",5700,중국,2621,20412,862,127,160923,1
2022-11-10T00:00:00,2022,1701,"Fresh, Chilled, or Frozen Muscle Cuts of Beef",5800,한국,5486,49248,2034,1543,270981,1
2022-11-17T00:00:00,2022,1701,"Fresh, Chilled, or Frozen Muscle Cuts of Beef",5700,중국,3097,21426,4280,4111,165034,1
2022-11-17T00:00:00,2022,1701,"Fresh, Chilled, or Frozen Muscle Cuts of Beef",5800,한국,4669,49189,5046,4610,275591,1
2022-11-24T00:00:00,2022,1701,"Fresh, Chilled, or Frozen Muscle Cuts of Beef",5700,중국,2974,25674,7334,7222,172256,1
2022-11-24T00:00:00,2022,1701,"Fresh, Chilled, or Frozen Muscle Cuts of Beef",5800,한국,3966,46941,2103,1718,277309,1
2022-12-01T00:00:00,2022,1701,"Fresh, Chilled, or Frozen Muscle Cuts of Beef",5700,중국,1600,28912,5140,4838,177094,1
2022-12-01T00:00:00,2022,1701,"Fresh, Chilled, or Frozen Muscle Cuts of Beef",5800,한국,5125,33894,3555,-7922,269387,1
2022-12-08T00:00:00,2022,1701,"Fresh, Chilled, or Frozen Muscle Cuts of Beef",5700,중국,1313,26638,411,-961,176133,1
2022-12-08T00:00:00,2022,1701,"Fresh, Chilled, or Frozen Muscle Cuts of Beef",5800,한국,4869,33154,4655,4129,273516,1
2022-12-15T00:00:00,2022,1701,"Fresh, Chilled, or Frozen Muscle Cuts of Beef",5700,중국,1736,24795,246,-107,176026,1
2022-12-15T00:00:00,2022,1701,"Fresh, Chilled, or Frozen Muscle Cuts of Beef",5800,한국,5390,28357,1780,593,274109,1
2022-12-22T00:00:00,2022,1701,"Fresh, Chilled, or Frozen Muscle Cuts of Beef",5700,중국,2247,21845,238,-703,175323,1
2022-12-22T00:00:00,2022,1701,"Fresh, Chilled, or Frozen Muscle Cuts of Beef",5800,한국,4448,25602,2060,1693,275802,1
2022-12-29T00:00:00,2022,1701,"Fresh, Chilled, or Frozen Muscle Cuts of Beef",5700,중국,1051,19745,2,-1049,174274,1
2022-12-29T00:00:00,2022,1701,"Fresh, Chilled, or Frozen Muscle Cuts of Beef",5800,한국,3117,20572,75,-1913,273889,1
2023-01-05T00:00:00,2023,1701,"Fresh, Chilled, or Frozen Muscle Cuts of Beef",5700,중국,1463,27342,22775,22679,28805,1
2023-01-05T00:00:00,2023,1701,"Fresh, Chilled, or Frozen Muscle Cuts of Beef",5800,한국,2745,41228,21673,20977,43973,1
2023-01-12T00:00:00,2023,1701,"Fresh, Chilled, or Frozen Muscle Cuts of Beef",5700,중국,1744,30412,4922,4814,33619,1
2023-01-12T00:00:00,2023,1701,"Fresh, Chilled, or Frozen Muscle Cuts of Beef",5800,한국,3432,41923,4558,4127,48100,1
2023-01-19T00:00:00,2023,1701,"Fresh, Chilled, or Frozen Muscle Cuts of Beef",5700,중국,2193,32415,4299,4196,37815,1
2023-01-19T00:00:00,2023,1701,"Fresh, Chilled, or Frozen Muscle Cuts of Beef",5800,한국,4520,47363,10350,9960,58060,1
2023-01-26T00:00:00,2023,1701,"Fresh, Chilled, or Frozen Muscle Cuts of Beef",5700,중국,3481,33222,4436,4288,42103,1
2023-01-26T00:00:00,2023,1701,"Fresh, Chilled, or Frozen Muscle Cuts of Beef",5800,한국,5252,49169,7480,7058,65118,1
2023-02-02T00:00:00,2023,1701,"Fresh, Chilled, or Frozen Muscle Cuts of Beef",5700,중국,1893,32690,1527,1361,43464,1
2023-02-02T00:00:00,2023,1701,"Fresh, Chilled, or Frozen Muscle Cuts of Beef",5800,한국,4379,49151,4745,4361,69479,1
2023-02-09T00:00:00,2023,1701,"Fresh, Chilled, or Frozen Muscle Cuts of Beef",5700,중국,3057,35705,6193,6072,49536,1
2023-02-09T00:00:00,2023,1701,"Fresh, Chilled, or Frozen Muscle Cuts of Beef",5800,한국,4347,51587,7252,6783,76262,1
2023-02-16T00:00:00,2023,1701,"Fresh, Chilled, or Frozen Muscle Cuts of Beef",5700,중국,3386,36635,4403,4316,53852,1
2023-02-16T00:00:00,2023,1701,"Fresh, Chilled, or Frozen Muscle Cuts of Beef",5800,한국,4577,49824,3224,2814,79076,1
2023-02-23T00:00:00,2023,1701,"Fresh, Chilled, or Frozen Muscle Cuts of Beef",5700,중국,2755,35390,1740,1510,55362,1
2023-02-23T00:00:00,2023,1701,"Fresh, Chilled, or Frozen Muscle Cuts of Beef",5800,한국,3994,45651,688,-179,78897,1
2023-03-02T00:00:00,2023,1701,"Fresh, Chilled, or Frozen Muscle Cuts of Beef",5700,중국,2205,33685,646,500,55862,1
2023-03-02T00:00:00,2023,1701,"Fresh, Chilled, or Frozen Muscle Cuts of Beef",5800,한국,3281,41222,1008,-1148,77749,1
2023-03-09T00:00:00,2023,1701,"Fresh, Chilled, or Frozen Muscle Cuts of Beef",5700,중국,2601,32714,1777,1630,57492,1
2023-03-09T00:00:00,2023,1701,"Fresh, Chilled, or Frozen Muscle Cuts of Beef",5800,한국,4399,42127,5665,5304,83053,1
2023-03-16T00:00:00,2023,1701,"Fresh, Chilled, or Frozen Muscle Cuts of Beef",5700,중국,2337,31875,1760,1498,58990,1
2023-03-16T00:00:00,2023,1701,"Fresh, Chilled, or Frozen Muscle Cuts of Beef",5800,한국,3236,49736,12547,10845,93898,1
2023-03-23T00:00:00,2023,1701,"Fresh, Chilled, or Frozen Muscle Cuts of Beef",5700,중국,2221,32174,2659,2520,61510,1
2023-03-23T00:00:00,2023,1701,"Fresh, Chilled, or Frozen Muscle Cuts of Beef",5800,한국,5121,46176,1973,1561,95459,1
2023-03-30T00:00:00,2023,1701,"Fresh, Chilled, or Frozen Muscle Cuts of Beef",5700,중국,2233,30629,750,688,62198,1
2023-03-30T00:00:00,2023,1701,"Fresh, Chilled, or Frozen Muscle Cuts of Beef",5800,한국,4474,46608,5404,4906,100365,1
2023-04-06T00:00:00,2023,1701,"Fresh, Chilled, or Frozen Muscle Cuts of Beef",5700,중국,2603,27613,823,-413,61785,1
2023-04-06T00:00:00,2023,1701,"Fresh, Chilled, or Frozen Muscle Cuts of Beef",5800,한국,4912,45069,3794,3373,103738,1
2023-04-13T00:00:00,2023,1701,"Fresh, Chilled, or Frozen Muscle Cuts of Beef",5700,중국,2441,27265,2162,2093,63878,1
2023-04-13T00:00:00,2023,1701,"Fresh, Chilled, or Frozen Muscle Cuts of Beef",5800,한국,4510,46104,5983,5545,109283,1
2023-04-20T00:00:00,2023,1701,"Fresh, Chilled, or Frozen Muscle Cuts of Beef",5700,중국,3032,24715,1790,482,64360,1
2023-04-20T00:00:00,2023,1701,"Fresh, Chilled, or Frozen Muscle Cuts of Beef",5800,한국,4069,44256,2635,2221,111504,1
2023-04-27T00:00:00,2023,1701,"Fresh, Chilled, or Frozen Muscle Cuts of Beef",5700,중국,3528,24571,3505,3384,67744,1
2023-04-27T00:00:00,2023,1701,"Fresh, Chilled, or Frozen Muscle Cuts of Beef",5800,한국,4820,43080,4108,3644,115148,1
2023-05-04T00:00:00,2023,1701,"Fresh, Chilled, or Frozen Muscle Cuts of Beef",5700,중국,2108,23309,894,846,68590,1
2023-05-04T00:00:00,2023,1701,"Fresh, Chilled, or Frozen Muscle Cuts of Beef",5800,한국,4310,43215,4848,4445,119593,1
2023-05-11T00:00:00,2023,1701,"Fresh, Chilled, or Frozen Muscle Cuts of Beef",5700,중국,3393,22821,2990,2905,71495,1
2023-05-11T00:00:00,2023,1701,"Fresh, Chilled, or Frozen Muscle Cuts of Beef",5800,한국,4560,42114,3834,3459,123052,1
2023-05-18T00:00:00,2023,1701,"Fresh, Chilled, or Frozen Muscle Cuts of Beef",5700,중국,2316,23017,2635,2512,74007,1
2023-05-18T00:00:00,2023,1701,"Fresh, Chilled, or Frozen Muscle Cuts of Beef",5800,한국,4729,41188,4202,3803,126855,1
2023-05-25T00:00:00,2023,1701,"Fresh, Chilled, or Frozen Muscle Cuts of Beef",5700,중국,2890,23538,3711,3411,77418,1
2023-05-25T00:00:00,2023,1701,"Fresh, Chilled, or Frozen Muscle Cuts of Beef",5800,한국,3573,42360,6310,4745,131600,1
2023-06-01T00:00:00,2023,1701,"Fresh, Chilled, or Frozen Muscle Cuts of Beef",5700,중국,2516,20910,734,-112,77306,1
2023-06-01T00:00:00,2023,1701,"Fresh, Chilled, or Frozen Muscle Cuts of Beef",5800,한국,3716,42541,4336,3897,135497,1
2023-06-08T00:00:00,2023,1701,"Fresh, Chilled, or Frozen Muscle Cuts of Beef",5700,중국,2165,23467,4807,4722,82028,1
2023-06-08T00:00:00,2023,1701,"Fresh, Chilled, or Frozen Muscle Cuts of Beef",5800,한국,4205,39416,1771,1080,136577,1
2023-06-15T00:00:00,2023,1701,"Fresh, Chilled, or Frozen Muscle Cuts of Beef",5700,중국,3262,24950,4926,4745,86773,1
2023-06-15T00:00:00,2023,1701,"Fresh, Chilled, or Frozen Muscle Cuts of Beef",5800,한국,4153,37187,2311,1924,138501,1
2023-06-22T00:00:00,2023,1701,"Fresh, Chilled, or Frozen Muscle Cuts of Beef",5700,중국,1815,25621,2675,2486,89259,1
2023-06-22T00:00:00,2023,1701,"Fresh, Chilled, or Frozen Muscle Cuts of Beef",5800,한국,3559,34230,1135,602,139103,1
2023-06-29T00:00:00,2023,1701,"Fresh, Chilled, or Frozen Muscle Cuts of Beef",5700,중국,3189,22544,453,112,89371,1
2023-06-29T00:00:00,2023,1701,"Fresh, Chilled, or Frozen Muscle Cuts of Beef",5800,한국,4182,33711,3984,3663,142766,1
2023-07-06T00:00:00,2023,1701,"Fresh, Chilled, or Frozen Muscle Cuts of Beef",5700,중국,2426,21480,1462,1362,90733,1
2023-07-06T00:00:00,2023,1701,"Fresh, Chilled, or Frozen Muscle Cuts of Beef",5800,한국,3332,31627,1865,1248,144014,1
2023-07-13T00:00:00,2023,1701,"Fresh, Chilled, or Frozen Muscle Cuts of Beef",5700,중국,3049,21297,3090,2866,93599,1
2023-07-13T00:00:00,2023,1701,"Fresh, Chilled, or Frozen Muscle Cuts of Beef",5800,한국,3569,35829,8343,7771,151785,1
2023-07-20T00:00:00,2023,1701,"Fresh, Chilled, or Frozen Muscle Cuts of Beef",5700,중국,2433,21688,3047,2824,96423,1
2023-07-20T00:00:00,2023,1701,"Fresh, Chilled, or Frozen Muscle Cuts of Beef",5800,한국,3419,39769,7844,7359,159144,1
2023-07-27T00:00:00,2023,1701,"Fresh, Chilled, or Frozen Muscle Cuts of Beef",5700,중국,2448,20091,1014,851,97274,1
2023-07-27T00:00:00,2023,1701,"Fresh, Chilled, or Frozen Muscle Cuts of Beef",5800,한국,4884,38786,4307,3901,163045,1
2023-08-03T00:00:00,2023,1701,"Fresh, Chilled, or Frozen Muscle Cuts of Beef",5700,중국,2644,19816,2508,2369,99643,1
2023-08-03T00:00:00,2023,1701,"Fresh, Chilled, or Frozen Muscle Cuts of Beef",5800,한국,3746,40356,5717,5316,168361,1
2023-08-10T00:00:00,2023,1701,"Fresh, Chilled, or Frozen Muscle Cuts of Beef",5700,중국,2803,20218,3286,3205,102848,1
2023-08-10T00:00:00,2023,1701,"Fresh, Chilled, or Frozen Muscle Cuts of Beef",5800,한국,4162,40767,4934,4573,172934,1
2023-08-17T00:00:00,2023,1701,"Fresh, Chilled, or Frozen Muscle Cuts of Beef",5700,중국,1366,19842,1005,990,103838,1
2023-08-17T00:00:00,2023,1701,"Fresh, Chilled, or Frozen Muscle Cuts of Beef",5800,한국,3044,41954,4448,4231,177165,1
2023-08-24T00:00:00,2023,1701,"Fresh, Chilled, or Frozen Muscle Cuts of Beef",5700,중국,4865,21089,6426,6112,109950,1
2023-08-24T00:00:00,2023,1701,"Fresh, Chilled, or Frozen Muscle Cuts of Beef",5800,한국,4109,40232,2923,2387,179552,1
2023-08-31T00:00:00,2023,1701,"Fresh, Chilled, or Frozen Muscle Cuts of Beef",5700,중국,2169,20522,1725,1602,111552,1
2023-08-31T00:00:00,2023,1701,"Fresh, Chilled, or Frozen Muscle Cuts of Beef",5800,한국,3635,38744,2578,2147,181699,1
2023-09-07T00:00:00,2023,1701,"Fresh, Chilled, or Frozen Muscle Cuts of Beef",5700,중국,2605,19894,2072,1977,113529,1
2023-09-07T00:00:00,2023,1701,"Fresh, Chilled, or Frozen Muscle Cuts of Beef",5800,한국,3672,35267,1413,195,181894,1
2023-09-14T00:00:00,2023,1701,"Fresh, Chilled, or Frozen Muscle Cuts of Beef",5700,중국,2839,19556,2592,2501,116030,1
2023-09-14T00:00:00,2023,1701,"Fresh, Chilled, or Frozen Muscle Cuts of Beef",5800,한국,3943,34452,5372,3128,185022,1
2023-09-21T00:00:00,2023,1701,"Fresh, Chilled, or Frozen Muscle Cuts of Beef",5700,중국,1773,20964,3237,3181,119211,1
2023-09-21T00:00:00,2023,1701,"Fresh, Chilled, or Frozen Muscle Cuts of Beef",5800,한국,3635,34289,3769,3472,188494,1
2023-09-28T00:00:00,2023,1701,"Fresh, Chilled, or Frozen Muscle Cuts of Beef",5700,중국,2211,20387,1759,1634,120845,1
2023-09-28T00:00:00,2023,1701,"Fresh, Chilled, or Frozen Muscle Cuts of Beef",5800,한국,3650,34910,4673,4271,192765,1
2023-10-05T00:00:00,2023,1701,"Fresh, Chilled, or Frozen Muscle Cuts of Beef",5700,중국,2859,17829,409,301,121146,1
2023-10-05T00:00:00,2023,1701,"Fresh, Chilled, or Frozen Muscle Cuts of Beef",5800,한국,3675,33679,2803,2444,195209,1
2023-10-12T00:00:00,2023,1701,"Fresh, Chilled, or Frozen Muscle Cuts of Beef",5700,중국,2250,14388,440,-1191,119955,1
2023-10-12T00:00:00,2023,1701,"Fresh, Chilled, or Frozen Muscle Cuts of Beef",5800,한국,3061,33427,3187,2809,198018,1
2023-10-19T00:00:00,2023,1701,"Fresh, Chilled, or Frozen Muscle Cuts of Beef",5700,중국,1717,15889,3401,3218,123173,1
2023-10-19T00:00:00,2023,1701,"Fresh, Chilled, or Frozen Muscle Cuts of Beef",5800,한국,4172,38550,9716,9295,207313,1
2023-10-26T00:00:00,2023,1701,"Fresh, Chilled, or Frozen Muscle Cuts of Beef",5700,중국,1936,20568,6766,6615,129788,1
2023-10-26T00:00:00,2023,1701,"Fresh, Chilled, or Frozen Muscle Cuts of Beef",5800,한국,3705,36311,1863,1466,208779,1
2023-11-02T00:00:00,2023,1701,"Fresh, Chilled, or Frozen Muscle Cuts of Beef",5700,중국,2367,19398,1432,1197,130985,1
2023-11-02T00:00:00,2023,1701,"Fresh, Chilled, or Frozen Muscle Cuts of Beef",5800,한국,3774,35089,3043,2552,211331,1
2023-11-09T00:00:00,2023,1701,"Fresh, Chilled, or Frozen Muscle Cuts of Beef",5700,중국,2808,17883,1378,1293,132278,1
2023-11-09T00:00:00,2023,1701,"Fresh, Chilled, or Frozen Muscle Cuts of Beef",5800,한국,3908,34034,3186,2853,214184,1
2023-11-16T00:00:00,2023,1701,"Fresh, Chilled, or Frozen Muscle Cuts of Beef",5700,중국,2512,18017,3011,2646,134924,1
2023-11-16T00:00:00,2023,1701,"Fresh, Chilled, or Frozen Muscle Cuts of Beef",5800,한국,4166,31171,1824,1303,215487,1
2023-11-23T00:00:00,2023,1701,"Fresh, Chilled, or Frozen Muscle Cuts of Beef",5700,중국,1466,17142,790,591,135515,1
2023-11-23T00:00:00,2023,1701,"Fresh, Chilled, or Frozen Muscle Cuts of Beef",5800,한국,4038,30778,4225,3645,219132,1
2023-11-30T00:00:00,2023,1701,"Fresh, Chilled, or Frozen Muscle Cuts of Beef",5700,중국,1922,16121,1560,901,136416,1
2023-11-30T00:00:00,2023,1701,"Fresh, Chilled, or Frozen Muscle Cuts of Beef",5800,한국,3893,22523,3551,-4362,214770,1
2023-12-07T00:00:00,2023,1701,"Fresh, Chilled, or Frozen Muscle Cuts of Beef",5700,중국,2497,14897,1396,1273,137689,1
2023-12-07T00:00:00,2023,1701,"Fresh, Chilled, or Frozen Muscle Cuts of Beef",5800,한국,4305,20886,3843,2668,217438,1
2023-12-14T00:00:00,2023,1701,"Fresh, Chilled, or Frozen Muscle Cuts of Beef",5700,중국,2273,13021,1062,397,138086,1
2023-12-14T00:00:00,2023,1701,"Fresh, Chilled, or Frozen Muscle Cuts of Beef",5800,한국,4554,20571,5114,4239,221677,1
2023-12-21T00:00:00,2023,1701,"Fresh, Chilled, or Frozen Muscle Cuts of Beef",5700,중국,1312,11290,593,-419,137667,1
2023-12-21T00:00:00,2023,1701,"Fresh, Chilled, or Frozen Muscle Cuts of Beef",5800,한국,4578,16417,1237,424,222101,1
2023-12-28T00:00:00,2023,1701,"Fresh, Chilled, or Frozen Muscle Cuts of Beef",5700,중국,2999,11499,3328,3208,140875,1
2023-12-28T00:00:00,2023,1701,"Fresh, Chilled, or Frozen Muscle Cuts of Beef",5800,한국,4806,12125,1653,514,222615,1
2024-01-04T00:00:00,2024,1701,"Fresh, Chilled, or Frozen Muscle Cuts of Beef",5700,중국,735,18547,13061,12940,19282,1
2024-01-04T00:00:00,2024,1701,"Fresh, Chilled, or Frozen Muscle Cuts of Beef",5800,한국,2702,34584,12312,11886,37286,1
2024-01-11T00:00:00,2024,1701,"Fresh, Chilled, or Frozen Muscle Cuts of Beef",5700,중국,2152,21604,5308,5209,24491,1
2024-01-11T00:00:00,2024,1701,"Fresh, Chilled, or Frozen Muscle Cuts of Beef",5800,한국,4621,37719,8288,7756,45042,1
2024-01-18T00:00:00,2024,1701,"Fresh, Chilled, or Frozen Muscle Cuts of Beef",5700,중국,2491,22181,3294,3068,27559,1
2024-01-18T00:00:00,2024,1701,"Fresh, Chilled, or Frozen Muscle Cuts of Beef",5800,한국,4679,42689,10058,9649,54691,1
2024-01-25T00:00:00,2024,1701,"Fresh, Chilled, or Frozen Muscle Cuts of Beef",5700,중국,2262,23259,3672,3340,30899,1
2024-01-25T00:00:00,2024,1701,"Fresh, Chilled, or Frozen Muscle Cuts of Beef",5800,한국,4223,39860,1758,1394,56085,1
2024-02-01T00:00:00,2024,1701,"Fresh, Chilled, or Frozen Muscle Cuts of Beef",5700,중국,2428,24240,3532,3409,34308,1
2024-02-01T00:00:00,2024,1701,"Fresh, Chilled, or Frozen Muscle Cuts of Beef",5800,한국,4040,44279,9109,8459,64544,1
2024-02-08T00:00:00,2024,1701,"Fresh, Chilled, or Frozen Muscle Cuts of Beef",5700,중국,3076,24893,3861,3729,38037,1
2024-02-08T00:00:00,2024,1701,"Fresh, Chilled, or Frozen Muscle Cuts of Beef",5800,한국,4682,42827,3496,3230,67774,1
2024-02-15T00:00:00,2024,1701,"Fresh, Chilled, or Frozen Muscle Cuts of Beef",5700,중국,2540,23103,892,750,38787,1
2024-02-15T00:00:00,2024,1701,"Fresh, Chilled, or Frozen Muscle Cuts of Beef",5800,한국,4119,41385,3022,2677,70451,1
2024-02-22T00:00:00,2024,1701,"Fresh, Chilled, or Frozen Muscle Cuts of Beef",5700,중국,2552,21299,955,748,39535,1
2024-02-22T00:00:00,2024,1701,"Fresh, Chilled, or Frozen Muscle Cuts of Beef",5800,한국,3932,39425,2329,1972,72423,1
2024-02-29T00:00:00,2024,1701,"Fresh, Chilled, or Frozen Muscle Cuts of Beef",5700,중국,2047,20709,1601,1457,40992,1
2024-02-29T00:00:00,2024,1701,"Fresh, Chilled, or Frozen Muscle Cuts of Beef",5800,한국,4255,39436,4624,4266,76689,1
2024-03-07T00:00:00,2024,1701,"Fresh, Chilled, or Frozen Muscle Cuts of Beef",5700,중국,2480,19911,1881,1682,42674,1
2024-03-07T00:00:00,2024,1701,"Fresh, Chilled, or Frozen Muscle Cuts of Beef",5800,한국,4753,35358,1081,675,77364,1
2024-03-14T00:00:00,2024,1701,"Fresh, Chilled, or Frozen Muscle Cuts of Beef",5700,중국,2669,19353,2264,2111,44785,1
2024-03-14T00:00:00,2024,1701,"Fresh, Chilled, or Frozen Muscle Cuts of Beef",5800,한국,3893,35768,4715,4303,81667,1
2024-03-21T00:00:00,2024,1701,"Fresh, Chilled, or Frozen Muscle Cuts of Beef",5700,중국,2299,19046,2141,1992,46777,1
2024-03-21T00:00:00,2024,1701,"Fresh, Chilled, or Frozen Muscle Cuts of Beef",5800,한국,3529,35676,3843,3437,85104,1
2024-03-28T00:00:00,2024,1701,"Fresh, Chilled, or Frozen Muscle Cuts of Beef",5700,중국,2496,17402,1102,852,47629,1
2024-03-28T00:00:00,2024,1701,"Fresh, Chilled, or Frozen Muscle Cuts of Beef",5800,한국,3758,37977,6471,6059,91163,1
2024-04-04T00:00:00,2024,1701,"Fresh, Chilled, or Frozen Muscle Cuts of Beef",5700,중국,2200,17029,1998,1827,49456,1
2024-04-04T00:00:00,2024,1701,"Fresh, Chilled, or Frozen Muscle Cuts of Beef",5800,한국,3568,38098,4079,3689,94852,1
2024-04-11T00:00:00,2024,1701,"Fresh, Chilled, or Frozen Muscle Cuts of Beef",5700,중국,2789,17813,3703,3573,53029,1
2024-04-11T00:00:00,2024,1701,"Fresh, Chilled, or Frozen Muscle Cuts of Beef",5800,한국,4595,38935,5792,5432,100284,1
2024-04-18T00:00:00,2024,1701,"Fresh, Chilled, or Frozen Muscle Cuts of Beef",5700,중국,2397,20037,4776,4621,57650,1
2024-04-18T00:00:00,2024,1701,"Fresh, Chilled, or Frozen Muscle Cuts of Beef",5800,한국,3384,37423,2404,1872,102156,1
2024-04-25T00:00:00,2024,1701,"Fresh, Chilled, or Frozen Muscle Cuts of Beef",5700,중국,2285,19343,1889,1591,59241,1
2024-04-25T00:00:00,2024,1701,"Fresh, Chilled, or Frozen Muscle Cuts of Beef",5800,한국,3430,43598,10343,9605,111761,1
2024-05-02T00:00:00,2024,1701,"Fresh, Chilled, or Frozen Muscle Cuts of Beef",5700,중국,2678,17206,637,541,59782,1
2024-05-02T00:00:00,2024,1701,"Fresh, Chilled, or Frozen Muscle Cuts of Beef",5800,한국,4231,41279,2242,1912,113673,1
2024-05-09T00:00:00,2024,1701,"Fresh, Chilled, or Frozen Muscle Cuts of Beef",5700,중국,2596,16552,2092,1942,61724,1
2024-05-09T00:00:00,2024,1701,"Fresh, Chilled, or Frozen Muscle Cuts of Beef",5800,한국,3494,39039,1655,1254,114927,1
2024-05-16T00:00:00,2024,1701,"Fresh, Chilled, or Frozen Muscle Cuts of Beef",5700,중국,3052,19319,5972,5819,67543,1
2024-05-16T00:00:00,2024,1701,"Fresh, Chilled, or Frozen Muscle Cuts of Beef",5800,한국,5131,39037,5533,5129,120056,1
2024-05-23T00:00:00,2024,1701,"Fresh, Chilled, or Frozen Muscle Cuts of Beef",5700,중국,2751,19361,3073,2793,70336,1
2024-05-23T00:00:00,2024,1701,"Fresh, Chilled, or Frozen Muscle Cuts of Beef",5800,한국,4212,35782,1378,957,121013,1
2024-05-30T00:00:00,2024,1701,"Fresh, Chilled, or Frozen Muscle Cuts of Beef",5700,중국,2274,17596,631,509,70845,1
2024-05-30T00:00:00,2024,1701,"Fresh, Chilled, or Frozen Muscle Cuts of Beef",5800,한국,3227,38511,6370,5956,126969,1
2024-06-06T00:00:00,2024,1701,"Fresh, Chilled, or Frozen Muscle Cuts of Beef",5700,중국,2061,16825,1422,1290,72135,1
2024-06-06T00:00:00,2024,1701,"Fresh, Chilled, or Frozen Muscle Cuts of Beef",5800,한국,4102,37719,3593,3310,130279,1
2024-06-13T00:00:00,2024,1701,"Fresh, Chilled, or Frozen Muscle Cuts of Beef",5700,중국,1904,14229,318,-692,71443,1
2024-06-13T00:00:00,2024,1701,"Fresh, Chilled, or Frozen Muscle Cuts of Beef",5800,한국,4299,38159,5116,4739,135018,1
2024-06-20T00:00:00,2024,1701,"Fresh, Chilled, or Frozen Muscle Cuts of Beef",5700,중국,1896,16289,4097,3956,75399,1
2024-06-20T00:00:00,2024,1701,"Fresh, Chilled, or Frozen Muscle Cuts of Beef",5800,한국,3937,37735,3789,3513,138531,1
2024-06-27T00:00:00,2024,1701,"Fresh, Chilled, or Frozen Muscle Cuts of Beef",5700,중국,2395,17941,4308,4047,79446,1
2024-06-27T00:00:00,2024,1701,"Fresh, Chilled, or Frozen Muscle Cuts of Beef",5800,한국,3038,35875,1602,1178,139709,1
2024-07-04T00:00:00,2024,1701,"Fresh, Chilled, or Frozen Muscle Cuts of Beef",5700,중국,2018,17841,2009,1918,81364,1
2024-07-04T00:00:00,2024,1701,"Fresh, Chilled, or Frozen Muscle Cuts of Beef",5800,한국,2622,35788,2906,2535,142244,1
2024-07-11T00:00:00,2024,1701,"Fresh, Chilled, or Frozen Muscle Cuts of Beef",5700,중국,2338,20223,4833,4720,86084,1
2024-07-11T00:00:00,2024,1701,"Fresh, Chilled, or Frozen Muscle Cuts of Beef",5800,한국,4060,33017,1793,1289,143533,1
2024-07-18T00:00:00,2024,1701,"Fresh, Chilled, or Frozen Muscle Cuts of Beef",5700,중국,2502,19563,1919,1842,87926,1
2024-07-18T00:00:00,2024,1701,"Fresh, Chilled, or Frozen Muscle Cuts of Beef",5800,한국,3532,33897,4718,4412,147945,1
2024-07-25T00:00:00,2024,1701,"Fresh, Chilled, or Frozen Muscle Cuts of Beef",5700,중국,2261,19421,2238,2119,90045,1
2024-07-25T00:00:00,2024,1701,"Fresh, Chilled, or Frozen Muscle Cuts of Beef",5800,한국,4193,34993,5889,5289,153234,1
2024-08-01T00:00:00,2024,1701,"Fresh, Chilled, or Frozen Muscle Cuts of Beef",5700,중국,2724,17438,860,741,90786,1
2024-08-01T00:00:00,2024,1701,"Fresh, Chilled, or Frozen Muscle Cuts of Beef",5800,한국,3421,35467,4143,3895,157129,1
2024-08-08T00:00:00,2024,1701,"Fresh, Chilled, or Frozen Muscle Cuts of Beef",5700,중국,1589,20253,4511,4404,95190,1
2024-08-08T00:00:00,2024,1701,"Fresh, Chilled, or Frozen Muscle Cuts of Beef",5800,한국,3622,43204,11729,11359,168488,1
2024-08-15T00:00:00,2024,1701,"Fresh, Chilled, or Frozen Muscle Cuts of Beef",5700,중국,1743,20671,2311,2161,97351,1
2024-08-15T00:00:00,2024,1701,"Fresh, Chilled, or Frozen Muscle Cuts of Beef",5800,한국,2902,44601,4629,4299,172787,1
2024-08-22T00:00:00,2024,1701,"Fresh, Chilled, or Frozen Muscle Cuts of Beef",5700,중국,2679,21333,3538,3341,100692,1
2024-08-22T00:00:00,2024,1701,"Fresh, Chilled, or Frozen Muscle Cuts of Beef",5800,한국,3532,42980,2288,1911,174698,1
2024-08-29T00:00:00,2024,1701,"Fresh, Chilled, or Frozen Muscle Cuts of Beef",5700,중국,1868,20301,930,836,101528,1
2024-08-29T00:00:00,2024,1701,"Fresh, Chilled, or Frozen Muscle Cuts of Beef",5800,한국,3248,41350,2060,1618,176316,1
2024-09-05T00:00:00,2024,1701,"Fresh, Chilled, or Frozen Muscle Cuts of Beef",5700,중국,1769,19088,621,556,102084,1
2024-09-05T00:00:00,2024,1701,"Fresh, Chilled, or Frozen Muscle Cuts of Beef",5800,한국,3073,41484,3511,3207,179523,1
2024-09-12T00:00:00,2024,1701,"Fresh, Chilled, or Frozen Muscle Cuts of Beef",5700,중국,2742,19347,3143,3001,105085,1
2024-09-12T00:00:00,2024,1701,"Fresh, Chilled, or Frozen Muscle Cuts of Beef",5800,한국,4448,40714,4127,3678,183201,1
2024-09-19T00:00:00,2024,1701,"Fresh, Chilled, or Frozen Muscle Cuts of Beef",5700,중국,1504,19947,2250,2104,107189,1
2024-09-19T00:00:00,2024,1701,"Fresh, Chilled, or Frozen Muscle Cuts of Beef",5800,한국,3071,39002,1654,1359,184560,1
2024-09-26T00:00:00,2024,1701,"Fresh, Chilled, or Frozen Muscle Cuts of Beef",5700,중국,2876,23262,6307,6191,113380,1
2024-09-26T00:00:00,2024,1701,"Fresh, Chilled, or Frozen Muscle Cuts of Beef",5800,한국,4129,42773,8334,7900,192460,1
2024-10-03T00:00:00,2024,1701,"Fresh, Chilled, or Frozen Muscle Cuts of Beef",5700,중국,2890,24527,4239,4155,117535,1
2024-10-03T00:00:00,2024,1701,"Fresh, Chilled, or Frozen Muscle Cuts of Beef",5800,한국,4303,39956,1904,1486,193946,1
2024-10-10T00:00:00,2024,1701,"Fresh, Chilled, or Frozen Muscle Cuts of Beef",5700,중국,1941,24875,2359,2289,119824,1
2024-10-10T00:00:00,2024,1701,"Fresh, Chilled, or Frozen Muscle Cuts of Beef",5800,한국,3838,38709,2950,2591,196537,1
2024-10-17T00:00:00,2024,1701,"Fresh, Chilled, or Frozen Muscle Cuts of Beef",5700,중국,2801,26704,4773,4630,124454,1
2024-10-17T00:00:00,2024,1701,"Fresh, Chilled, or Frozen Muscle Cuts of Beef",5800,한국,4367,40891,6982,6549,203086,1
2024-10-24T00:00:00,2024,1701,"Fresh, Chilled, or Frozen Muscle Cuts of Beef",5700,중국,2437,27460,3372,3193,127647,1
2024-10-24T00:00:00,2024,1701,"Fresh, Chilled, or Frozen Muscle Cuts of Beef",5800,한국,4796,40967,5180,4872,207958,1
2024-10-31T00:00:00,2024,1701,"Fresh, Chilled, or Frozen Muscle Cuts of Beef",5700,중국,2024,25659,400,223,127870,1
2024-10-31T00:00:00,2024,1701,"Fresh, Chilled, or Frozen Muscle Cuts of Beef",5800,한국,4056,38971,2815,2060,210018,1
2024-11-07T00:00:00,2024,1701,"Fresh, Chilled, or Frozen Muscle Cuts of Beef",5700,중국,2341,24735,1609,1417,129287,1
2024-11-07T00:00:00,2024,1701,"Fresh, Chilled, or Frozen Muscle Cuts of Beef",5800,한국,4551,36892,2944,2472,212490,1
2024-11-14T00:00:00,2024,1701,"Fresh, Chilled, or Frozen Muscle Cuts of Beef",5700,중국,2587,24219,2214,2071,131358,1
2024-11-14T00:00:00,2024,1701,"Fresh, Chilled, or Frozen Muscle Cuts of Beef",5800,한국,4919,35231,3537,3258,215748,1
2024-11-21T00:00:00,2024,1701,"Fresh, Chilled, or Frozen Muscle Cuts of Beef",5700,중국,1769,23969,1830,1519,132877,1
2024-11-21T00:00:00,2024,1701,"Fresh, Chilled, or Frozen Muscle Cuts of Beef",5800,한국,4876,30621,1683,266,216014,1
2024-11-28T00:00:00,2024,1701,"Fresh, Chilled, or Frozen Muscle Cuts of Beef",5700,중국,2075,22482,2245,588,133465,1
2024-11-28T00:00:00,2024,1701,"Fresh, Chilled, or Frozen Muscle Cuts of Beef",5800,한국,3892,23455,3212,-3274,212740,1
2024-12-05T00:00:00,2024,1701,"Fresh, Chilled, or Frozen Muscle Cuts of Beef",5700,중국,2223,20942,825,683,134148,1
2024-12-05T00:00:00,2024,1701,"Fresh, Chilled, or Frozen Muscle Cuts of Beef",5800,한국,4488,22401,4353,3434,216174,1
2024-12-12T00:00:00,2024,1701,"Fresh, Chilled, or Frozen Muscle Cuts of Beef",5700,중국,2777,18789,1057,624,134772,1
2024-12-12T00:00:00,2024,1701,"Fresh, Chilled, or Frozen Muscle Cuts of Beef",5800,한국,4444,20119,3110,2162,218336,1
2024-12-19T00:00:00,2024,1701,"Fresh, Chilled, or Frozen Muscle Cuts of Beef",5700,중국,2982,14726,460,-1081,133691,1
2024-12-19T00:00:00,2024,1701,"Fresh, Chilled, or Frozen Muscle Cuts of Beef",5800,한국,4535,15892,1874,308,218644,1
2024-12-26T00:00:00,2024,1701,"Fresh, Chilled, or Frozen Muscle Cuts of Beef",5700,중국,2002,13102,512,378,134069,1
2024-12-26T00:00:00,2024,1701,"Fresh, Chilled, or Frozen Muscle Cuts of Beef",5800,한국,3408,12157,300,-327,218317,1
2025-01-02T00:00:00,2025,1701,"Fresh, Chilled, or Frozen Muscle Cuts of Beef",5700,중국,67,21189,11932,11872,21256,1
2025-01-02T00:00:00,2025,1701,"Fresh, Chilled, or Frozen Muscle Cuts of Beef",5800,한국,333,35285,10715,10560,35618,1
2025-01-09T00:00:00,2025,1701,"Fresh, Chilled, or Frozen Muscle Cuts of Beef",5700,중국,2618,22041,3569,3470,24726,1
2025-01-09T00:00:00,2025,1701,"Fresh, Chilled, or Frozen Muscle Cuts of Beef",5800,한국,3628,32454,1353,797,36415,1
2025-01-16T00:00:00,2025,1701,"Fresh, Chilled, or Frozen Muscle Cuts of Beef",5700,중국,1978,23962,3909,3899,28625,1
2025-01-16T00:00:00,2025,1701,"Fresh, Chilled, or Frozen Muscle Cuts of Beef",5800,한국,3078,32553,3709,3177,39592,1
2025-01-23T00:00:00,2025,1701,"Fresh, Chilled, or Frozen Muscle Cuts of Beef",5700,중국,1797,22837,705,672,29297,1
2025-01-23T00:00:00,2025,1701,"Fresh, Chilled, or Frozen Muscle Cuts of Beef",5800,한국,3122,40504,11651,11073,50665,1
2025-01-30T00:00:00,2025,1701,"Fresh, Chilled, or Frozen Muscle Cuts of Beef",5700,중국,3673,21707,2814,2543,31840,1
2025-01-30T00:00:00,2025,1701,"Fresh, Chilled, or Frozen Muscle Cuts of Beef",5800,한국,5698,38701,4440,3895,54560,1
2025-02-06T00:00:00,2025,1701,"Fresh, Chilled, or Frozen Muscle Cuts of Beef",5700,중국,2155,19025,136,-527,31313,1
2025-02-06T00:00:00,2025,1701,"Fresh, Chilled, or Frozen Muscle Cuts of Beef",5800,한국,4768,41360,7782,7427,61987,1
2025-02-13T00:00:00,2025,1701,"Fresh, Chilled, or Frozen Muscle Cuts of Beef",5700,중국,2104,19617,2761,2696,34009,1
2025-02-13T00:00:00,2025,1701,"Fresh, Chilled, or Frozen Muscle Cuts of Beef",5800,한국,3823,40927,3792,3390,65377,1
2025-02-20T00:00:00,2025,1701,"Fresh, Chilled, or Frozen Muscle Cuts of Beef",5700,중국,2086,19350,1951,1819,35828,1
2025-02-20T00:00:00,2025,1701,"Fresh, Chilled, or Frozen Muscle Cuts of Beef",5800,한국,3984,45542,8995,8599,73976,1
2025-02-27T00:00:00,2025,1701,"Fresh, Chilled, or Frozen Muscle Cuts of Beef",5700,중국,2337,19507,2775,2494,38322,1
2025-02-27T00:00:00,2025,1701,"Fresh, Chilled, or Frozen Muscle Cuts of Beef",5800,한국,3419,45468,4840,3345,77321,1
2025-03-06T00:00:00,2025,1701,"Fresh, Chilled, or Frozen Muscle Cuts of Beef",5700,중국,2467,19534,3365,2494,40816,1
2025-03-06T00:00:00,2025,1701,"Fresh, Chilled, or Frozen Muscle Cuts of Beef",5800,한국,4437,44055,3652,3024,80345,1
2025-03-13T00:00:00,2025,1701,"Fresh, Chilled, or Frozen Muscle Cuts of Beef",5700,중국,2947,16779,641,192,41008,1
2025-03-13T00:00:00,2025,1701,"Fresh, Chilled, or Frozen Muscle Cuts of Beef",5800,한국,3941,43071,3388,2957,83302,1
2025-03-20T00:00:00,2025,1701,"Fresh, Chilled, or Frozen Muscle Cuts of Beef",5700,중국,2390,14443,236,54,41062,1
2025-03-20T00:00:00,2025,1701,"Fresh, Chilled, or Frozen Muscle Cuts of Beef",5800,한국,4005,42324,3737,3258,86560,1
2025-03-27T00:00:00,2025,1701,"Fresh, Chilled, or Frozen Muscle Cuts of Beef",5700,중국,2486,12452,601,495,41557,1
2025-03-27T00:00:00,2025,1701,"Fresh, Chilled, or Frozen Muscle Cuts of Beef",5800,한국,5186,40516,3875,3378,89938,1
2025-04-03T00:00:00,2025,1701,"Fresh, Chilled, or Frozen Muscle Cuts of Beef",5700,중국,1598,10803,53,-51,41506,1
2025-04-03T00:00:00,2025,1701,"Fresh, Chilled, or Frozen Muscle Cuts of Beef",5800,한국,5497,39964,5333,4945,94883,1
2025-04-10T00:00:00,2025,1701,"Fresh, Chilled, or Frozen Muscle Cuts of Beef",5700,중국,1431,9775,756,403,41909,1
2025-04-10T00:00:00,2025,1701,"Fresh, Chilled, or Frozen Muscle Cuts of Beef",5800,한국,5565,38067,4164,3668,98551,1
2025-04-17T00:00:00,2025,1701,"Fresh, Chilled, or Frozen Muscle Cuts of Beef",5700,중국,186,9671,101,82,41991,1
2025-04-17T00:00:00,2025,1701,"Fresh, Chilled, or Frozen Muscle Cuts of Beef",5800,한국,4920,36382,3568,3235,101786,1
2025-04-24T00:00:00,2025,1701,"Fresh, Chilled, or Frozen Muscle Cuts of Beef",5700,중국,348,9620,371,297,42288,1
2025-04-24T00:00:00,2025,1701,"Fresh, Chilled, or Frozen Muscle Cuts of Beef",5800,한국,5636,34402,4127,3656,105442,1
2025-05-01T00:00:00,2025,1701,"Fresh, Chilled, or Frozen Muscle Cuts of Beef",5700,중국,80,4040,0,-5500,36788,1
2025-05-01T00:00:00,2025,1701,"Fresh, Chilled, or Frozen Muscle Cuts of Beef",5800,한국,5156,31186,2339,1940,107382,1
2025-05-08T00:00:00,2025,1701,"Fresh, Chilled, or Frozen Muscle Cuts of Beef",5700,중국,17,4040,17,17,36805,1
2025-05-08T00:00:00,2025,1701,"Fresh, Chilled, or Frozen Muscle Cuts of Beef",5800,한국,4772,30920,4933,4506,111888,1
2025-05-15T00:00:00,2025,1701,"Fresh, Chilled, or Frozen Muscle Cuts of Beef",5700,중국,0,4259,219,219,37024,1
2025-05-15T00:00:00,2025,1701,"Fresh, Chilled, or Frozen Muscle Cuts of Beef",5800,한국,5356,28328,3294,2764,114652,1
2025-05-22T00:00:00,2025,1701,"Fresh, Chilled, or Frozen Muscle Cuts of Beef",5700,중국,144,5243,1128,1128,38152,1
2025-05-22T00:00:00,2025,1701,"Fresh, Chilled, or Frozen Muscle Cuts of Beef",5800,한국,3957,27495,3566,3124,117776,1
2025-05-29T00:00:00,2025,1701,"Fresh, Chilled, or Frozen Muscle Cuts of Beef",5700,중국,326,3748,446,-1169,36983,1
2025-05-29T00:00:00,2025,1701,"Fresh, Chilled, or Frozen Muscle Cuts of Beef",5800,한국,2943,29054,4873,4502,122278,1
2025-06-05T00:00:00,2025,1701,"Fresh, Chilled, or Frozen Muscle Cuts of Beef",5700,중국,394,1341,10,-2013,34970,1
2025-06-05T00:00:00,2025,1701,"Fresh, Chilled, or Frozen Muscle Cuts of Beef",5800,한국,5252,29914,6509,6112,128390,1
2025-06-12T00:00:00,2025,1701,"Fresh, Chilled, or Frozen Muscle Cuts of Beef",5700,중국,218,1062,9,-61,34909,1
2025-06-12T00:00:00,2025,1701,"Fresh, Chilled, or Frozen Muscle Cuts of Beef",5800,한국,4279,28817,3584,3182,131572,1
2025-06-19T00:00:00,2025,1701,"Fresh, Chilled, or Frozen Muscle Cuts of Beef",5700,중국,578,745,267,261,35170,1
2025-06-19T00:00:00,2025,1701,"Fresh, Chilled, or Frozen Muscle Cuts of Beef",5800,한국,3794,28019,3343,2996,134568,1
2025-06-26T00:00:00,2025,1701,"Fresh, Chilled, or Frozen Muscle Cuts of Beef",5700,중국,188,878,328,321,35491,1
2025-06-26T00:00:00,2025,1701,"Fresh, Chilled, or Frozen Muscle Cuts of Beef",5800,한국,4218,27192,3787,3391,137959,1
2025-07-03T00:00:00,2025,1701,"Fresh, Chilled, or Frozen Muscle Cuts of Beef",5700,중국,45,409,0,-424,35067,1
2025-07-03T00:00:00,2025,1701,"Fresh, Chilled, or Frozen Muscle Cuts of Beef",5800,한국,4500,26494,4145,3802,141761,1
2025-07-10T00:00:00,2025,1701,"Fresh, Chilled, or Frozen Muscle Cuts of Beef",5700,중국,75,317,0,-17,35050,1
2025-07-10T00:00:00,2025,1701,"Fresh, Chilled, or Frozen Muscle Cuts of Beef",5800,한국,3555,23479,953,540,142301,1
2025-07-17T00:00:00,2025,1701,"Fresh, Chilled, or Frozen Muscle Cuts of Beef",5700,중국,168,230,82,81,35131,1
2025-07-17T00:00:00,2025,1701,"Fresh, Chilled, or Frozen Muscle Cuts of Beef",5800,한국,3517,28918,9392,8956,151257,1
2025-07-24T00:00:00,2025,1701,"Fresh, Chilled, or Frozen Muscle Cuts of Beef",5700,중국,34,221,25,25,35156,1
2025-07-24T00:00:00,2025,1701,"Fresh, Chilled, or Frozen Muscle Cuts of Beef",5800,한국,3424,26723,1750,1229,152486,1
2025-07-31T00:00:00,2025,1701,"Fresh, Chilled, or Frozen Muscle Cuts of Beef",5700,중국,15,221,15,15,35171,1
2025-07-31T00:00:00,2025,1701,"Fresh, Chilled, or Frozen Muscle Cuts of Beef",5800,한국,3570,27160,4312,4007,156493,1
2025-08-07T00:00:00,2025,1701,"Fresh, Chilled, or Frozen Muscle Cuts of Beef",5700,중국,0,196,0,-25,35146,1
2025-08-07T00:00:00,2025,1701,"Fresh, Chilled, or Frozen Muscle Cuts of Beef",5800,한국,3345,24355,2384,540,157033,1
2025-08-14T00:00:00,2025,1701,"Fresh, Chilled, or Frozen Muscle Cuts of Beef",5700,중국,0,196,0,0,35146,1
2025-08-14T00:00:00,2025,1701,"Fresh, Chilled, or Frozen Muscle Cuts of Beef",5800,한국,2501,23421,2261,1567,158600,1
2025-08-21T00:00:00,2025,1701,"Fresh, Chilled, or Frozen Muscle Cuts of Beef",5700,중국,0,196,0,0,35146,1
2025-08-21T00:00:00,2025,1701,"Fresh, Chilled, or Frozen Muscle Cuts of Beef",5800,한국,3605,21357,1959,1541,160141,1
2025-08-28T00:00:00,2025,1701,"Fresh, Chilled, or Frozen Muscle Cuts of Beef",5700,중국,0,196,0,0,35146,1
2025-08-28T00:00:00,2025,1701,"Fresh, Chilled, or Frozen Muscle Cuts of Beef",5800,한국,2798,23151,5018,4592,164733,1
2025-09-04T00:00:00,2025,1701,"Fresh, Chilled, or Frozen Muscle Cuts of Beef",5700,중국,0,196,0,0,35146,1
2025-09-04T00:00:00,2025,1701,"Fresh, Chilled, or Frozen Muscle Cuts of Beef",5800,한국,2525,23066,2701,2440,167173,1
2025-09-11T00:00:00,2025,1701,"Fresh, Chilled, or Frozen Muscle Cuts of Beef",5700,중국,0,196,0,0,35146,1
2025-09-11T00:00:00,2025,1701,"Fresh, Chilled, or Frozen Muscle Cuts of Beef",5800,한국,3164,27929,8301,8027,175200,1
2025-09-18T00:00:00,2025,1701,"Fresh, Chilled, or Frozen Muscle Cuts of Beef",5700,중국,0,196,0,0,35146,1
2025-09-18T00:00:00,2025,1701,"Fresh, Chilled, or Frozen Muscle Cuts of Beef",5800,한국,2877,26377,1757,1325,176525,1
2025-09-25T00:00:00,2025,1701,"Fresh, Chilled, or Frozen Muscle Cuts of Beef",5700,중국,0,196,0,0,35146,1
2025-09-25T00:00:00,2025,1701,"Fresh, Chilled, or Frozen Muscle Cuts of Beef",5800,한국,3590,29865,7398,7078,183603,1
2025-10-02T00:00:00,2025,1701,"Fresh, Chilled, or Frozen Muscle Cuts of Beef",5700,중국,0,196,0,0,35146,1
2025-10-02T00:00:00,2025,1701,"Fresh, Chilled, or Frozen Muscle Cuts of Beef",5800,한국,3545,33594,7491,7274,190877,1
2025-10-09T00:00:00,2025,1701,"Fresh, Chilled, or Frozen Muscle Cuts of Beef",5700,중국,0,205,9,9,35155,1
2025-10-09T00:00:00,2025,1701,"Fresh, Chilled, or Frozen Muscle Cuts of Beef",5800,한국,3583,34356,4604,4345,195222,1
2025-10-16T00:00:00,2025,1701,"Fresh, Chilled, or Frozen Muscle Cuts of Beef",5700,중국,9,196,0,0,35155,1
2025-10-16T00:00:00,2025,1701,"Fresh, Chilled, or Frozen Muscle Cuts of Beef",5800,한국,2809,37812,6753,6265,201487,1
2025-10-23T00:00:00,2025,1701,"Fresh, Chilled, or Frozen Muscle Cuts of Beef",5700,중국,0,196,0,0,35155,1
2025-10-23T00:00:00,2025,1701,"Fresh, Chilled, or Frozen Muscle Cuts of Beef",5800,한국,3281,35918,3557,1387,202874,1
2025-10-30T00:00:00,2025,1701,"Fresh, Chilled, or Frozen Muscle Cuts of Beef",5700,중국,0,196,0,0,35155,1
2025-10-30T00:00:00,2025,1701,"Fresh, Chilled, or Frozen Muscle Cuts of Beef",5800,한국,3714,37426,5427,5222,208096,1
2025-11-06T00:00:00,2025,1701,"Fresh, Chilled, or Frozen Muscle Cuts of Beef",5700,중국,36,196,36,36,35191,1
2025-11-06T00:00:00,2025,1701,"Fresh, Chilled, or Frozen Muscle Cuts of Beef",5800,한국,3624,36627,5632,2825,210921,1
2025-11-13T00:00:00,2025,1701,"Fresh, Chilled, or Frozen Muscle Cuts of Beef",5700,중국,0,341,145,145,35336,1
2025-11-13T00:00:00,2025,1701,"Fresh, Chilled, or Frozen Muscle Cuts of Beef",5800,한국,4311,30480,1402,-1836,209085,1
2025-11-20T00:00:00,2025,1701,"Fresh, Chilled, or Frozen Muscle Cuts of Beef",5700,중국,0,341,0,0,35336,1
2025-11-20T00:00:00,2025,1701,"Fresh, Chilled, or Frozen Muscle Cuts of Beef",5800,한국,4172,28493,2510,2185,211270,1
2025-11-27T00:00:00,2025,1701,"Fresh, Chilled, or Frozen Muscle Cuts of Beef",5700,중국,0,341,0,0,35336,1
2025-11-27T00:00:00,2025,1701,"Fresh, Chilled, or Frozen Muscle Cuts of Beef",5800,한국,2905,23726,3529,-1862,209408,1
2025-12-04T00:00:00,2025,1701,"Fresh, Chilled, or Frozen Muscle Cuts of Beef",5700,중국,0,341,0,0,35336,1
2025-12-04T00:00:00,2025,1701,"Fresh, Chilled, or Frozen Muscle Cuts of Beef",5800,한국,3526,23722,3972,3522,212930,1
2025-12-11T00:00:00,2025,1701,"Fresh, Chilled, or Frozen Muscle Cuts of Beef",5700,중국,26,341,26,26,35362,1
2025-12-11T00:00:00,2025,1701,"Fresh, Chilled, or Frozen Muscle Cuts of Beef",5800,한국,4720,21191,2700,2189,215119,1
2025-12-18T00:00:00,2025,1701,"Fresh, Chilled, or Frozen Muscle Cuts of Beef",5700,중국,0,341,0,0,35362,1
2025-12-18T00:00:00,2025,1701,"Fresh, Chilled, or Frozen Muscle Cuts of Beef",5800,한국,4892,15483,1783,-816,214303,1
2025-12-25T00:00:00,2025,1701,"Fresh, Chilled, or Frozen Muscle Cuts of Beef",5700,중국,145,196,0,0,35362,1
2025-12-25T00:00:00,2025,1701,"Fresh, Chilled, or Frozen Muscle Cuts of Beef",5800,한국,4010,11322,944,-151,214152,1
2026-01-01T00:00:00,2026,1701,"Fresh, Chilled, or Frozen Muscle Cuts of Beef",5700,중국,0,196,196,196,196,1
2026-01-01T00:00:00,2026,1701,"Fresh, Chilled, or Frozen Muscle Cuts of Beef",5800,한국,75,30361,12197,11971,30436,1
2026-01-08T00:00:00,2026,1701,"Fresh, Chilled, or Frozen Muscle Cuts of Beef",5700,중국,0,196,0,0,196,1
2026-01-08T00:00:00,2026,1701,"Fresh, Chilled, or Frozen Muscle Cuts of Beef",5800,한국,3122,30994,4325,3755,34191,1
2026-01-15T00:00:00,2026,1701,"Fresh, Chilled, or Frozen Muscle Cuts of Beef",5700,중국,0,196,0,0,196,1
2026-01-15T00:00:00,2026,1701,"Fresh, Chilled, or Frozen Muscle Cuts of Beef",5800,한국,4394,28729,3125,2129,36320,1
2026-01-22T00:00:00,2026,1701,"Fresh, Chilled, or Frozen Muscle Cuts of Beef",5700,중국,0,196,0,0,196,1
2026-01-22T00:00:00,2026,1701,"Fresh, Chilled, or Frozen Muscle Cuts of Beef",5800,한국,3750,32601,7921,7622,43942,1
2026-01-29T00:00:00,2026,1701,"Fresh, Chilled, or Frozen Muscle Cuts of Beef",5700,중국,0,196,0,0,196,1
2026-01-29T00:00:00,2026,1701,"Fresh, Chilled, or Frozen Muscle Cuts of Beef",5800,한국,4402,35761,7739,7562,51504,1
2026-02-05T00:00:00,2026,1701,"Fresh, Chilled, or Frozen Muscle Cuts of Beef",5700,중국,0,196,0,0,196,1
2026-02-05T00:00:00,2026,1701,"Fresh, Chilled, or Frozen Muscle Cuts of Beef",5800,한국,3822,39708,8808,7769,59273,1
2026-02-12T00:00:00,2026,1701,"Fresh, Chilled, or Frozen Muscle Cuts of Beef",5700,중국,0,196,0,0,196,1
2026-02-12T00:00:00,2026,1701,"Fresh, Chilled, or Frozen Muscle Cuts of Beef",5800,한국,4358,40845,6027,5495,64768,1
2026-02-19T00:00:00,2026,1701,"Fresh, Chilled, or Frozen Muscle Cuts of Beef",5700,중국,0,196,0,0,196,1
2026-02-19T00:00:00,2026,1701,"Fresh, Chilled, or Frozen Muscle Cuts of Beef",5800,한국,3949,38758,2076,1862,66630,1
2026-02-26T00:00:00,2026,1701,"Fresh, Chilled, or Frozen Muscle Cuts of Beef",5700,중국,0,196,0,0,196,1
2026-02-26T00:00:00,2026,1701,"Fresh, Chilled, or Frozen Muscle Cuts of Beef",5800,한국,4991,36113,2475,2346,68976,1
2026-03-05T00:00:00,2026,1701,"Fresh, Chilled, or Frozen Muscle Cuts of Beef",5700,중국,0,196,0,0,196,1
2026-03-05T00:00:00,2026,1701,"Fresh, Chilled, or Frozen Muscle Cuts of Beef",5800,한국,3534,44162,12260,11583,80559,1
2026-03-12T00:00:00,2026,1701,"Fresh, Chilled, or Frozen Muscle Cuts of Beef",5700,중국,0,196,0,0,196,1
2026-03-12T00:00:00,2026,1701,"Fresh, Chilled, or Frozen Muscle Cuts of Beef",5800,한국,4406,36204,3651,-3552,77007,1
2026-03-19T00:00:00,2026,1701,"Fresh, Chilled, or Frozen Muscle Cuts of Beef",5700,중국,0,196,0,0,196,1
2026-03-19T00:00:00,2026,1701,"Fresh, Chilled, or Frozen Muscle Cuts of Beef",5800,한국,4108,33681,1654,1585,78592,1
2026-03-26T00:00:00,2026,1701,"Fresh, Chilled, or Frozen Muscle Cuts of Beef",5700,중국,0,196,0,0,196,1
2026-03-26T00:00:00,2026,1701,"Fresh, Chilled, or Frozen Muscle Cuts of Beef",5800,한국,4470,32971,4324,3760,82352,1
2026-04-02T00:00:00,2026,1701,"Fresh, Chilled, or Frozen Muscle Cuts of Beef",5700,중국,0,196,0,0,196,1
2026-04-02T00:00:00,2026,1701,"Fresh, Chilled, or Frozen Muscle Cuts of Beef",5800,한국,4712,34525,6679,6260,88618,1
2026-04-09T00:00:00,2026,1701,"Fresh, Chilled, or Frozen Muscle Cuts of Beef",5700,중국,0,196,0,0,196,1
2026-04-09T00:00:00,2026,1701,"Fresh, Chilled, or Frozen Muscle Cuts of Beef",5800,한국,4446,35297,5644,5130,93836,1
2026-04-16T00:00:00,2026,1701,"Fresh, Chilled, or Frozen Muscle Cuts of Beef",5700,중국,0,196,0,0,196,1
2026-04-16T00:00:00,2026,1701,"Fresh, Chilled, or Frozen Muscle Cuts of Beef",5800,한국,4490,36251,5459,5389,99280,1
2026-04-23T00:00:00,2026,1701,"Fresh, Chilled, or Frozen Muscle Cuts of Beef",5700,중국,0,196,0,0,196,1
2026-04-23T00:00:00,2026,1701,"Fresh, Chilled, or Frozen Muscle Cuts of Beef",5800,한국,3798,38466,6641,6162,105293,1
2026-04-30T00:00:00,2026,1701,"Fresh, Chilled, or Frozen Muscle Cuts of Beef",5700,중국,0,196,0,0,196,1
2026-04-30T00:00:00,2026,1701,"Fresh, Chilled, or Frozen Muscle Cuts of Beef",5800,한국,4428,34872,1510,834,106127,1
2026-05-07T00:00:00,2026,1701,"Fresh, Chilled, or Frozen Muscle Cuts of Beef",5700,중국,0,196,0,0,196,1
2026-05-07T00:00:00,2026,1701,"Fresh, Chilled, or Frozen Muscle Cuts of Beef",5800,한국,4305,31826,1774,1259,107386,1
2026-05-14T00:00:00,2026,1701,"Fresh, Chilled, or Frozen Muscle Cuts of Beef",5700,중국,0,196,0,0,196,1
2026-05-14T00:00:00,2026,1701,"Fresh, Chilled, or Frozen Muscle Cuts of Beef",5800,한국,4422,27947,1334,543,107929,1
2026-05-21T00:00:00,2026,1701,"Fresh, Chilled, or Frozen Muscle Cuts of Beef",5700,중국,0,199,3,3,199,1
2026-05-21T00:00:00,2026,1701,"Fresh, Chilled, or Frozen Muscle Cuts of Beef",5800,한국,5205,26648,4055,3906,111835,1
2026-05-28T00:00:00,2026,1701,"Fresh, Chilled, or Frozen Muscle Cuts of Beef",5700,중국,4,392,197,197,396,1
2026-05-28T00:00:00,2026,1701,"Fresh, Chilled, or Frozen Muscle Cuts of Beef",5800,한국,3252,24192,1167,796,112631,1
2026-06-04T00:00:00,2026,1701,"Fresh, Chilled, or Frozen Muscle Cuts of Beef",5700,중국,7,828,444,443,839,1
2026-06-04T00:00:00,2026,1701,"Fresh, Chilled, or Frozen Muscle Cuts of Beef",5800,한국,3767,27292,7187,6867,119498,1
2026-06-11T00:00:00,2026,1701,"Fresh, Chilled, or Frozen Muscle Cuts of Beef",5700,중국,61,971,204,204,1043,1
2026-06-11T00:00:00,2026,1701,"Fresh, Chilled, or Frozen Muscle Cuts of Beef",5800,한국,3466,26235,2846,2409,121907,1
2026-06-18T00:00:00,2026,1701,"Fresh, Chilled, or Frozen Muscle Cuts of Beef",5700,중국,230,1163,432,422,1465,1
2026-06-18T00:00:00,2026,1701,"Fresh, Chilled, or Frozen Muscle Cuts of Beef",5800,한국,3820,29543,7255,7128,129035,1
2026-06-25T00:00:00,2026,1701,"Fresh, Chilled, or Frozen Muscle Cuts of Beef",5700,중국,194,1106,1808,137,1602,1
2026-06-25T00:00:00,2026,1701,"Fresh, Chilled, or Frozen Muscle Cuts of Beef",5800,한국,4206,29552,4921,4215,133250,1
2026-07-02T00:00:00,2026,1701,"Fresh, Chilled, or Frozen Muscle Cuts of Beef",5700,중국,199,1114,220,207,1809,1
2026-07-02T00:00:00,2026,1701,"Fresh, Chilled, or Frozen Muscle Cuts of Beef",5800,한국,4497,28290,3353,3235,136485,1
2026-07-09T00:00:00,2026,1701,"Fresh, Chilled, or Frozen Muscle Cuts of Beef",5700,중국,201,1019,175,106,1915,1
2026-07-09T00:00:00,2026,1701,"Fresh, Chilled, or Frozen Muscle Cuts of Beef",5800,한국,3157,25210,868,77,136562,1
2026-07-16T00:00:00,2026,1701,"Fresh, Chilled, or Frozen Muscle Cuts of Beef",5700,중국,337,1213,541,531,2446,1
2026-07-16T00:00:00,2026,1701,"Fresh, Chilled, or Frozen Muscle Cuts of Beef",5800,한국,3742,24064,3295,2596,139158,1
2026-07-23T00:00:00,2026,1701,"Fresh, Chilled, or Frozen Muscle Cuts of Beef",5700,중국,207,1160,161,154,2600,1
2026-07-23T00:00:00,2026,1701,"Fresh, Chilled, or Frozen Muscle Cuts of Beef",5800,한국,4105,24700,5028,4741,143899,1
